id,Pos,GS,FGptg,X3Pptg,PF,PTS,AST,Salary
1,PF,25,0.404333333,0.125666667,4.966666667,12.53333333,2.466666667,5400000
2,SG,0,0.3225,0.275,2.85,11.15,3.15,555139.5
3,PF,7.333333333,0.495666667,0.355666667,4.966666667,10.2,1.433333333,789705
4,SG,4,0.432,0,3.1,10.15,0.8,354940.5
5,SG,0,0.407,0.4,3.5,13.6,2.3,1344120
6,C,43.5,0.5235,0,5.3,9.45,1.3,2137920
7,PF,3.4,0.449,0,5.1,11.34,1.62,662881.4
8,SG,54,0.4505,0.36825,2.75,14.05,2.4,4422597.125
9,SG,1,0.38275,0.31025,4.875,13.475,1.3,751656.25
10,PG,0,0.333,0.5,5.7,15.2,3.8,125562
11,C,3.5,0.464,0.08825,6.525,14.4,0.875,1274331
12,C,0,0.2805,0,3.15,6.7,1.05,800000
13,PF,9,0.513,0,6.4,6.2,1.9,3000000
14,C,4,0.52125,0,5.575,9.575,1.3,1959771
15,PF,67.44444444,0.487333333,0.195222222,2.777777778,19.55555556,1.933333333,9564767.444
16,SF,0,0.2915,0.174,8.3,9.5,2.3,2493240
17,C,13.5,0.4615,0.0385,3.925,10.075,2.125,1870441.75
18,PF,7.166666667,0.427666667,0.277833333,5.233333333,10.2,1.266666667,1383542.167
19,SG,55.11111111,0.459333333,0.405,2,17.65555556,2.877777778,11924338.89
20,SG,28.4,0.4824,0.229,3.92,13.81,2.42,2765096
21,SG,0.5,0.337,0.272,4.5,12.5,1.9,1043700
22,PG,66.6,0.3762,0.3448,2.36,12.4,5.54,4510626.6
23,SF,34.8,0.4332,0.2696,3.04,10.34,1.7,2589552.8
24,PF,5.25,0.461625,0,5.5375,9.6375,0.975,1082853.75
25,SG,10.8,0.4194,0.3368,3.4,13.3,2.16,721996.2
26,C,3,0.578875,0.178125,4.1375,11.2375,0.775,3614519.625
27,PF,0,0.4475,0.347,4.35,13.85,1.55,2400000
28,SG,14.33333333,0.387,0.339666667,3.8,12.3,3.833333333,7675495.667
29,SG,22,0.397666667,0.332666667,2.5,11.9,2.333333333,1247006.333
30,SF,8,0.348,0.273,2.8,7.4,2.8,1093680
31,PF,21.71428571,0.422571429,0.378857143,2.971428571,17.74285714,1.228571429,4527994.429
32,SF,1,0.429,0.263,4.2,7.1,1.7,8935000
33,C,0,0,0,4,0,0,398762
34,SG,47,0.4525,0.253,3.45,12.3,2.85,1832880
35,SF,67.3,0.458,0.3387,2.89,25.64,3.12,15162271.5
36,C,13.75,0.499125,0,4.075,5.6375,0.475,2526772.125
37,C,3,0.365,0.301,4.6,12.4,1.7,1250000
38,C,17,0.3905,0,5.95,8.85,1.2,2317080
39,PG,30.14285714,0.386714286,0.323714286,3.357142857,19.51428571,6.171428571,14447992.43
40,SF,40.1,0.4402,0.2888,2.65,12.8,2.7,5251434
41,PG,2.666666667,0.371333333,0.299333333,3.5,9.5,5.066666667,1178812.667
42,C,9.75,0.51125,0.125,5.775,9.175,0.925,1673320
43,PG,25.75,0.44775,0.33725,2.625,11.7,5.175,2632684.5
44,SF,55.66666667,0.411444444,0.345444444,2.8,14.35555556,2.788888889,6331593.444
45,PF,13.66666667,0.436166667,0.148166667,5.1,12.95,1.45,2141061.5
46,C,35.8,0.5298,0,3.88,9.72,1.14,5740487.6
47,PG,8.5,0.3605,0.31475,2.65,11.6,5.275,2826613.75
48,SF,3,0.342,0,3.7,6.6,2.2,1138500
49,PG,24.28571429,0.396,0.371,2.242857143,14.2,5.857142857,2591187.143
50,PF,0,0.431,0,7.3,10,5.4,550087
51,C,13.66666667,0.532333333,0,4.333333333,10,2.733333333,1522500
52,SF,21,0.47475,0.403,2.8,16.425,1.625,1755278.25
53,SF,5.75,0.3825,0.36975,3.425,11.525,1.275,1571901
54,PF,1,0.214,0,4.5,5.6,0.6,507336
55,C,1,0.467,0,5.5,11.4,1.7,9183333
56,SF,2,0.4745,0.212666667,5.633333333,9.983333333,1.7,1550702.833
57,PG,5.5,0.374833333,0.227166667,4.733333333,13.41666667,4.516666667,3837380
58,SG,6.666666667,0.456111111,0.383666667,3.111111111,18.47777778,3.422222222,4254230.889
59,PG,7.666666667,0.413555556,0.343777778,2.955555556,15.46666667,6.288888889,2318162.222
60,C,41.88888889,0.434222222,0.343666667,2.922222222,17.93333333,1.566666667,8017390.111
61,SF,62.33333333,0.44,0.370333333,2.433333333,12.66666667,1.8,2923960
62,SF,30.33333333,0.448555556,0.335444444,3.833333333,13.05555556,2.766666667,1982746
63,PG,0,0.5,0,5,9.9,8.7,744551
64,C,3.571428571,0.355714286,0.082428571,7.657142857,11.04285714,0.828571429,422437.5714
65,SG,8.75,0.45375,0.41125,2.35,12.35,3.325,4315910
66,SG,0,0.385,0.375,2.6,9.1,2.7,1800000
67,SG,1.666666667,0.408,0.237333333,2.6,13.93333333,2.8,751371.6667
68,SF,0,0.405,0.143,4.3,10,2,398762
69,PF,28.3,0.4717,0.0614,3.06,13.7,1.13,3425985
70,PF,1.333333333,0.622666667,0.143,6.433333333,12.56666667,1.2,1615803.667
71,PF,1.5,0.4625,0,6.95,8.1,1.15,531485.5
72,SF,56.33333333,0.423222222,0.381888889,2.522222222,8.888888889,2.066666667,5139166.667
73,C,27,0.446166667,0.189833333,4.266666667,9.183333333,1.066666667,4281393.667
74,SF,61.14285714,0.451285714,0.367285714,2.414285714,13.15714286,3.128571429,5631753.571
75,PG,9,0.410285714,0.336,3.728571429,14.91428571,5.114285714,2658074.286
76,C,7,0.500666667,0.083333333,5.566666667,12.53333333,1.633333333,1089014
77,SG,8.333333333,0.408666667,0.331333333,3.7,14.36666667,2.9,1087492
78,SG,59.33333333,0.418666667,0.399,2.266666667,16.76666667,3.2,4319280
79,SF,28.57142857,0.450714286,0.337285714,3.428571429,18.41428571,1.942857143,4675748.857
80,PG,13.5,0.43275,0.3225,4.1,16.05,4.675,1423893.25
81,SG,26.125,0.424,0.389875,2.475,14.825,2.575,2209848
82,SG,22.83333333,0.3885,0.355,2.9,11.36666667,3.216666667,2647428.5
83,SG,57,0.440142857,0.409142857,2.985714286,12.28571429,2.242857143,4284285.714
84,SF,0.5,0.6,0.1795,3.75,15.8,2.7,3988180.5
85,PF,0,0,0,0,0,0,64843
86,PF,1.5,0.3885,0.2745,4.25,11.9,1.4,5444100
87,PG,36.66666667,0.405,0.364,3.866666667,11.7,4.333333333,661830.6667
88,C,0,0.5,0,0,24,12,29843
89,PG,62.71428571,0.401571429,0.379714286,2.3,14,5.185714286,9374024
90,C,34.44444444,0.627888889,0,5.477777778,8.044444444,1.311111111,6720112.889
91,SG,55.77777778,0.402888889,0.379777778,2.255555556,17.06666667,6.166666667,8808244.444
92,C,34,0.51725,0,3.775,7.7,0.525,3182319.5
93,C,39,0.575,0,4.8,11.4,1.3,507336
94,PF,29.83333333,0.5175,0,5.466666667,14.21666667,1.65,1125984.5
95,PG,33,0.4009,0.3825,2.22,9.5,5.94,3383700
96,PG,0,0.3,0.2,2,5.4,3.7,412718
97,PF,21.22222222,0.451222222,0.229444444,4.388888889,15.46666667,2.211111111,3472796.222
98,PG,31.8,0.4364,0.3108,2.9,14.56,5.7,3917893.2
99,C,45.5,0.466,0.27075,3.4,14.075,1.05,7304749
100,SG,28,0.406125,0.36475,3.1875,9.175,1.9125,2160503.875
101,SF,28,0.453,0.355,2,13.6,1.3,3278000
102,C,56.4,0.5279,0.12,3.81,12.53,2.78,9326528.3
103,PF,11,0.4498,0.4082,3.29,12.36,1.54,2824387
104,PF,22,0.5218,0.169,3.6,11.72,1.46,2247116
105,PF,22,0.545,0,3.95,10.85,0.925,1364022
106,C,0.75,0.43225,0.25,6.4,6.9,1.2,4326708
107,PF,59.5,0.5183,0,3.57,19.25,2.65,13422909.9
108,C,68.4,0.4994,0.2876,2.32,20.4,2.09,13800811.3
109,SF,63.75,0.41675,0.414,2.65,6.95,1.4,3812500
110,SF,6.5,0.59175,0.034,6,9.2,1.05,821464.5
111,PG,4.8,0.411,0.3516,1.58,15.46,5.6,1755386.6
112,SG,5,0.282,0.154,5.8,4.7,1.6,412718
113,PF,0.5,0.2615,0.1665,2.9,8.85,2.2,1355940
114,SG,42.6,0.422,0.2942,3.18,13.82,2.24,2855176.6
115,PF,1,0.405,0.2,3.8,6.6,1.7,819550
116,C,42.3,0.4903,0.1333,3.51,15.09,1.9,12853949.5
117,SF,34.57142857,0.426,0.294428571,3.314285714,13.95714286,2.5,3383180
118,SF,38,0.44275,0.20775,1.6375,10.6375,2.4375,2452281.125
119,C,34.25,0.444,0.08325,6.05,11.1,0.725,2339393
120,PF,3.333333333,0.459333333,0,5.866666667,6.966666667,1.2,819196
121,PG,26,0.414142857,0.362571429,3.271428571,16.57142857,5.128571429,1996121.571
122,SG,16.33333333,0.449,0.368666667,2.866666667,16.4,2.9,1171160
123,PF,0.333333333,0.403666667,0,5.4,9.5,0.733333333,353672
124,PG,0,0.371,0.265,2.9,14.9,6.1,736420
125,SG,25,0.3908,0.3278,2.98,13.32,2.68,1372583.2
126,PG,5.5,0.347,0.253,4,6.9,5.8,325642.5
127,SF,6,0.515333333,0.345333333,3.233333333,12.4,1.7,691390.6667
128,SG,5,0.412,0.371,2.1,14.4,2.5,44765
129,C,23.375,0.51975,0,4.3,9.375,1.4125,5470099.875
130,PG,7,0.426,0.214,3.2,8,5.9,283367
131,SG,29,0.362,0.266,2.6,10,1.8,507336
132,PF,61,0.434,0,3.95,10.5,1.3,8280000
133,SG,7.25,0.407,0.28425,3.1,14.65,2.2,2189122.625
134,PG,0,0.389,0.385,3.2,7.9,5.1,1029873
135,SG,65.3,0.4437,0.3163,2.2,25.57,5.17,22930682.2
136,SF,10.5,0.4035,0.305,4.125,8.275,2.35,4654501.25
137,SF,8,0.424833333,0.355166667,2.2,14.73333333,1.983333333,2162994.667
138,SF,1,0.349,0.3135,2.2,8.9,1,1174860
139,C,0,0.425,0.2795,5.35,13.95,1.4,780000
140,PG,55.5,0.374,0.324,2.1,14.75,5.75,2493660
141,SG,9.75,0.42725,0.356,3.125,15.875,2.95,2357049
142,PG,1,0.354,0.167,2.8,7.1,4.8,641748
143,PG,1,0.25,0.185,6.7,7.4,5.1,398762
144,SF,49.55555556,0.435444444,0.356555556,2.655555556,16.23333333,2.566666667,7381171.889
145,C,1,0.5005,0,5.9,14.25,1.45,1299381
146,SG,38,0.43275,0.306,1.65,13.4,2.175,1310027
147,SF,27.625,0.382375,0.3505,2.3375,11.9375,1.2625,2533468.125
148,PG,0,0.45,0.636,0.9,15.2,4.1,48028
149,C,39.875,0.5345,0.025,3.6625,15.275,1.6625,6998407.25
150,SG,4.142857143,0.421285714,0.225142857,3.928571429,15.55714286,6.828571429,2448247.571
151,PF,0,0.385,0.25,6.2,14.2,1.4,1404360
152,SF,0,0.333,0.667,4.7,15.7,0,1458360
153,SG,0,0.421,0.256,4.3,10.4,6.3,816482
154,PG,47.4,0.4701,0.379,2.18,12.47,8.23,6636830.9
155,SG,61.5,0.3985,0.332,2.75,12.6,1.4,2712780
156,PF,52.28571429,0.437857143,0.148714286,3.114285714,9.614285714,2.714285714,9538202.857
157,PG,21,0.386,0.37,3.2,16.6,3.8,816482
158,C,0,0.483,0,5.6,12.8,0.8,1189200
159,C,0,0.485,0,7.9,13.6,1.2,473604
160,SF,1.428571429,0.386857143,0.358857143,5.471428571,9.114285714,2.714285714,4628237.429
161,SF,9.6,0.4204,0.353,3.3,13.84,1.1,1230068.2
162,SF,35.75,0.4215,0.18925,3.45,10.925,2.1,1773770
163,SG,10.5,0.34775,0.281625,3.7125,11.6,2.1375,3648500
164,PG,14.5,0.407333333,0.2865,3.433333333,8.616666667,6.433333333,1193678.833
165,PG,66.5,0.4005,0.2495,3,16.8,7,2250480
166,SG,49.4,0.4228,0.3628,3.23,18.82,3.73,12207088.7
167,PG,46.33333333,0.433,0.321666667,3.033333333,18,6.533333333,6625000
168,SF,19.16666667,0.427666667,0.355666667,2.75,13.53333333,2.05,1342006.167
169,C,0,0.3735,0,4.7,9.45,0.2,4855612.5
170,PG,54.71428571,0.422,0.36,3.485714286,11.42857143,4.885714286,2618269.857
171,C,60.6,0.6181,0,3.59,10.84,0.95,11961145.1
172,SF,48.14285714,0.443714286,0.335428571,3.514285714,15.88571429,1.971428571,3526219
173,SF,0,0.389,0,3.1,7.4,1.5,1760000
174,PG,0,0.263,0.222,5.2,7.8,4.2,25000
175,SF,4.333333333,0.493833333,0.293333333,2.266666667,10.35,2.05,4841673.833
176,SG,3.5,0.32,0.0835,3.35,5.4,3.1,4966535.5
177,PF,9,0.391166667,0.2265,3.466666667,11.25,1.266666667,1729598.667
178,SG,0,0.345,0.333,3.7,10.7,2.3,816482
179,PG,38,0.448,0.314,2.7,17.1,5,507336
180,SF,5.333333333,0.415666667,0.333,4.033333333,9.633333333,1.566666667,1333333.333
181,PG,11.33333333,0.342,0.161333333,3.366666667,11.66666667,6.5,5404121.333
182,PG,0,0.352,0.25,4.7,11.4,6.6,305784
183,PG,9.25,0.41,0.32275,3.05,10.85,4.225,1321471.5
184,PG,49.83333333,0.464166667,0.365833333,2.016666667,15.2,6.05,2183354.667
185,C,12,0.411833333,0,5.716666667,6.4,1.466666667,1762559
186,C,30.375,0.385125,0.15625,5.85,4.5625,1.05,3604793.25
187,SG,5.666666667,0.358333333,0.254,3.366666667,9.2,4.1,1244980.667
188,PF,16.9,0.5417,0.0752,4.75,10.13,1.94,4694607
189,PG,0,0.28,0.2,1.1,9.3,4.4,473604
190,PG,69,0.441,0.37225,2.225,14.725,6.15,5827002.625
191,PG,0,0.15,0,3.4,3.9,3.5,66999
192,PF,10.28571429,0.393142857,0.355428571,5.242857143,14.78571429,1.414285714,2246514.857
193,SG,8.166666667,0.364166667,0.348333333,2.783333333,12.48333333,1.466666667,2168491
194,PF,0,0.409,0,9.5,11.2,0.4,187357
195,SF,8.333333333,0.436666667,0.383333333,4.3,18.16666667,1.9,2202868
196,PG,0,0.42,0.35,1.4,18.1,3.4,202200
197,C,65.6,0.4612,0.1484,4.52,22,3.04,5900276.8
198,SF,49,0.396,0.374,3.5,17.4,1.9,1150000
199,SG,9,0.412,0.353,3.9,8.9,2.1,862000
200,SG,19.66666667,0.414444444,0.346222222,1.8,19.07777778,3.855555556,6937222.222
201,SG,24.75,0.4035,0.3,2.25,17.7,4.525,1380964.75
202,SG,0,0.421,0.27,2.5,14.7,2.7,1285200
203,PF,7,0.4045,0.3415,3.3,13,2.425,4255256.5
204,SF,13.66666667,0.414333333,0.317333333,3.1,11.43333333,2.1,768202
205,PF,11.33333333,0.477,0.0295,3.333333333,10.78333333,1.15,1386954.167
206,SG,0,0.3575,0.405,5.7,16.95,2.5,1182360
207,C,29.85714286,0.575428571,0.142857143,7.371428571,16.18571429,0.357142857,6569451.286
208,PG,0,0,0,0,0,0,26917
209,PG,0,0,0,9,0,4.5,148028
210,PG,68.33333333,0.4735,0.442333333,2.766666667,21.26666667,7.05,5536186.167
211,C,58.1,0.5155,0.1,4.31,11.35,0.91,8614328.9
212,C,46,0.535,0.047571429,4.214285714,7.5,1.157142857,7789927.286
213,PG,24.25,0.4345,0.28175,1.575,11.075,5.575,5600000
214,SF,14.25,0.443625,0.198625,2.7375,12.275,2.8,3928427.625
215,SG,0,0.37,0.364,3.6,16,2,816482
216,SF,1,0.483,0.45,2.6,18.1,1.6,1750000
217,SF,1,0.447,0,4.5,13.5,0.9,424944
218,PF,64.66666667,0.523333333,0.101666667,2.766666667,20.83333333,1.666666667,5375760
219,PG,54.71428571,0.402428571,0.310428571,3.085714286,16.8,8.185714286,13837454.43
220,C,4,0.4105,0,4.65,5.85,1.05,3500000
221,PF,13.5,0.556,0,4.025,11.8,1.275,2029286
222,PF,15.125,0.4495,0.13,4.2875,13.5375,1.5375,4295833.125
223,PF,0,0.328,0.154,5.85,10.25,1.9,253522
224,PF,0.5,0.425,0,4.175,13.675,4.55,377269.5
225,SF,34.75,0.41775,0.3745,2.575,13.025,3.65,4491850
226,SG,0,0.167,0.167,4.9,4.9,1.6,59686
227,C,0,0.583,0,5.5,13.8,0,38172
228,SF,4.833333333,0.3895,0.332666667,4.2,13.58333333,1.85,1750938.667
229,SF,4.5,0.427,0.359,3.45,11.85,5.05,1431500
230,C,15,0.562,0,6,9.2,0.4,816482
231,SF,23.71428571,0.402857143,0.36,2.657142857,12.78571429,2.671428571,2482159.571
232,SG,13,0.362,0.407,4,8.3,5.3,816482
233,SF,65.8,0.4571,0.3253,1.73,15.99,2.41,8909858.5
234,SG,71.83333333,0.445666667,0.2465,2.616666667,18.16666667,2.466666667,4950961.667
235,SG,14,0.3255,0.2715,4.45,8,1.95,730043.5
236,PF,46.5,0.4987,0.3416,2.8,11.79,4.68,6474720.1
237,SG,0,0.25,0,0,10,2,56065
238,PG,3.666666667,0.382333333,0.365,4.8,11.73333333,5.966666667,2973308
239,PF,0,0.333,0,3,6,3,264897
240,PG,4.2,0.3656,0.33,2.58,10.34,5.02,1184594.2
241,C,32,0.502,0.5835,3.95,12.15,2.05,1383060
242,PG,1,0.302,0.185,4.2,11.5,8.2,700000
243,PF,3,0.427833333,0.083333333,4.766666667,15.83333333,0.683333333,1666223.833
244,C,11,0.426875,0.0625,4.6125,4.45,1.2625,4798375
245,PG,13.5,0.4165,0.3705,3.2,14.425,3.875,2149599.5
246,C,3.666666667,0.444333333,0,5.2,9.266666667,0.966666667,2880000
247,PG,7.5,0.42875,0.357,3.075,13.175,3.8625,2813322.625
248,PF,6.5,0.50675,0,4.775,9.225,2.425,875013
249,PG,0,0.385666667,0.296,2.866666667,13.4,2.233333333,1333960
250,SG,10.6,0.3858,0.1956,2.88,11.3,2.16,604187
251,SG,7.833333333,0.393,0.325833333,3.733333333,13.43333333,4.183333333,1191622.333
252,PG,0,0.408,0.3,3.7,14.9,6.3,242374
253,SG,31.33333333,0.448333333,0.364833333,3.4,15.98333333,6.433333333,3769333.333
254,SG,1,0.367,0.214,2.9,13.4,2.4,1962103
255,PG,1,0.345,0.154,2.1,7.6,7.4,59686
256,C,57.66666667,0.581666667,0.166666667,4.033333333,15.06666667,0.733333333,2462360
257,SG,26.5,0.4675,0.3755,2.65,12.4875,2.25,2852253.5
258,PG,30.75,0.39625,0.355,2.0625,8.5875,5.975,3898600
259,C,74.4,0.5045,0.1265,2.38,19.62,3.42,16493555.9
260,SF,39.22222222,0.437333333,0.377666667,2.455555556,15.38888889,2.788888889,6230831.111
261,SF,0,0.3655,0,4.025,8.225,2.075,593785.75
262,SF,71.125,0.482875,0.37775,1.7875,25.8625,3.4,11063787
263,SF,7,0.355,0.262,3.2,11.7,2,507336
264,SF,5,0.385666667,0.224333333,2.9,13.2,1.166666667,763396
265,C,4,0.484,0,9.2,8.5,0.6,1000000
266,PG,0,0.33,0.31,3.1,9.2,6.3,5926984
267,SG,11.83333333,0.417833333,0.383666667,2.183333333,12.95,1.933333333,1659767.667
268,SG,59.9,0.4517,0.3062,2.47,19.04,4.64,7324358.1
269,C,17.71428571,0.438285714,0.064285714,4.028571429,7.585714286,1.457142857,1653071.714
270,C,7.25,0.4795,0,4.85,10.725,1.6,1379483
271,SF,0,0.571,0,1.6,10.4,0.8,61433
272,SG,0,0.375,0.28,4.1,10.5,2.3,473604
273,SF,3,0.409,0.326,3,10.7,1.6,507336
274,PG,1,0.361,0.279,3.2,10.6,6.4,1590720
275,C,8.5,0.543,0,6.4,10.3,1.1,617899.5
276,SF,1.4,0.5994,0.08,4.14,12.16,1.8,1297159.8
277,SF,16,0.437285714,0.365571429,3.271428571,12.35714286,1.342857143,1940452.286
278,PF,20.6,0.4664,0.1,4.54,8.19,1.09,3041616
279,SG,57.5,0.446833333,0.2685,2.533333333,17.96666667,5.55,6326327.5
280,PG,4,0.392,0.3,3.15,9.2,3.85,557104.5
281,PG,41,0.349,0.314,2.9,7.8,3.9,3615000
282,SF,9,0.3325,0.304,2.75,8.75,1.55,1059240
283,C,24,0.4925,0,5.25,10.25,0.65,1066920
284,PF,66.75,0.5475,0.03125,3.625,16.4,1.375,1555232
285,PG,3.75,0.421125,0.376125,2.675,14.1375,5.325,1988732.625
286,SG,0,0.3095,0.25,3.15,11.65,5.7,179556
287,PF,38.2,0.509,0.0334,4.36,15.32,1.36,6434297.8
288,PF,0,0.561,0,3.3,14.3,1.5,427163
289,PG,62.33333333,0.41,0.323888889,2.333333333,13.48888889,6.477777778,4144863.444
290,SG,2.5,0.40325,0.354,2.175,13.525,3.425,1419130.75
291,C,1.75,0.48625,0,7.975,9.55,1.15,879375
292,SF,35.2,0.461,0.2584,2,9.18,2.44,3997159.8
293,SF,35.8,0.423,0.3858,1.54,12.86,2,12868049.8
294,SG,58.5,0.397875,0.369625,3.2375,11.6375,3.8125,5031038.375
295,PG,1,0.337,0.269,4.2,12.7,5,359858
296,PG,30,0.377666667,0.320666667,1.866666667,12.76666667,6.833333333,3192000
297,C,0,0.333,0,4.6,3.7,0,225341
298,SG,6.5,0.4335,0.3385,3.15,15.45,2.45,986802
299,PF,0,0.667,0,19.4,11.1,0,116711
300,PG,35.85714286,0.435142857,0.267142857,3.157142857,14.28571429,7.471428571,5625549.143
301,PG,0,0.344,0.231,1.9,13.3,3.8,42009
302,C,3.5,0.5145,0,9.3,10.2,0.25,6402330
303,C,23.42857143,0.504142857,0.183714286,5.014285714,7.728571429,1.885714286,5318928.571
304,SG,13.33333333,0.450666667,0.387,4.1,15.8,3,1422680
305,SG,42.77777778,0.405333333,0.371777778,2.977777778,15.06666667,4.022222222,3178489
306,C,19.5,0.5415,0,4.025,8.025,0.875,8414216.25
307,SG,1,0.38,0.3045,2.35,10.9,2,671533.5
308,PG,16.5,0.3705,0.3065,4.1,12.2,5.15,16285000
309,SG,0,0.5,0.5,11.1,8.3,8.3,183210
310,PG,3,0.344,0.294,3.9,8.6,9,110420
311,PG,1.75,0.4145,0.3605,2.525,16.15,3.825,2008150.75
312,C,3,0.457666667,0,5.066666667,9.533333333,1.233333333,2975000
313,PF,0,0.296,0.136,3.2,9.8,1.7,145961
314,PF,43.44444444,0.438222222,0.341222222,4.322222222,14.03333333,1.522222222,4168262.778
315,C,8.8,0.4722,0,6.4,11.62,1.16,5750530
316,C,0,0,0,0,0,0,92396
317,PG,0,0.5,0,0.7,8.7,2,1556160
318,SG,4,0.413,0.282333333,2.8,14.7,5.733333333,483618
319,SF,42.8,0.4208,0.3762,2.68,16.8,2.2,6089318.4
320,PG,41,0.399,0.352,3.2,13.2,3.7,235762
321,PF,30,0.37,0.3585,1.35,10.7,1.95,3875000
322,SF,13,0.409444444,0.339111111,3.722222222,12.27777778,2.277777778,2771560
323,SG,0,0.3205,0.212,2.35,12.8,0.75,406484
324,PF,64.9,0.5028,0.1732,2.87,17.39,3.2,17995897.8
325,PG,0,0.327,0.2,1.2,9.7,7.5,473604
326,PF,0,0.356333333,0.316,4.433333333,9.466666667,1.633333333,3525000
327,C,72.85714286,0.511571429,0.134428571,3.3,15.05714286,3.2,9616728.143
328,PF,67.8,0.5148,0.2899,2.16,18.35,3.53,15060100
329,SF,68.33333333,0.450444444,0.345333333,2.5,18.53333333,2.355555556,10312948.33
330,SF,34.6,0.4326,0.3336,3.06,11.58,1.68,1869853
331,SF,9,0.473,0.324666667,2.7,10.8,1.9,683766
332,SF,9.4,0.3928,0.3338,3.74,9.72,1.26,2508794
333,SF,48.8,0.4206,0.3634,3.34,17.5,2.92,5285280.6
334,PG,11,0.400571429,0.408714286,3.128571429,11.62857143,2.942857143,3157167.714
335,PF,19.83333333,0.486833333,0.020833333,3.866666667,13.36666667,1.333333333,3509828.5
336,SF,0.5,0.567,0,4.45,14.2,1,993000
337,SF,0,1,0,0,14.4,0,26917
338,PG,0.333333333,0.425333333,0.434666667,5.466666667,11.3,5.933333333,452751
339,SG,23.2,0.456,0.3695,2.77,20.04,5.87,9883961.5
340,SG,14,0.445,0.365,3.533333333,14.43333333,2.333333333,4000000
341,PF,7,0.424,0,4.6,8,0.7,248263
342,C,4,0.471,0,8.4,7.6,0.4,161061
343,C,18.5,0.545,0,3.8,10,1.2,1103100
344,PG,0,0.143,0,0,3.3,3.3,74652
345,SF,46.375,0.425,0.283375,2.8875,11.5,1.6875,2320942.5
346,PF,40.375,0.437125,0.191375,3.7,14.8375,1.75,6389676.5
347,SG,1,0.424,0.216,3.35,14.3,2.2,1088340
348,PF,8,0.447,0.271,3.7,11,1.5,3992040
349,SG,26.6,0.4252,0.3844,2.89,18.25,3.2,8125869.9
350,PF,0,0.421,0,3.5,8.6,1,40000
351,SG,50.57142857,0.436285714,0.362428571,2.128571429,18.38571429,3.614285714,7877496.571
352,C,38.25,0.5395,0.28125,3.3375,13.7875,1.2375,5690832.75
353,SG,0,0.391,0.373,2.7,15,1.7,473604
354,SF,14,0.477666667,0.322,4.766666667,13.28333333,1.233333333,1467364.167
355,SG,7.166666667,0.4525,0.305666667,4.716666667,13.61666667,1.533333333,630379
356,SF,43.1,0.4148,0.3534,3.18,17.56,1.95,6866032.5
357,C,2,0.415,0,6.5,8.9,1,16006220
358,SF,11,0.352,0.314,3.8,10.7,2.1,884879
359,C,12.42857143,0.508571429,0,6.371428571,9.928571429,2,1561984.571
360,SG,42.83333333,0.438166667,0.389833333,2.466666667,14.11666667,1.916666667,2115605.167
361,SG,0,0.214,0,3.5,6.7,1.9,398762
362,PF,20.5,0.39425,0.29175,3.15,12.675,1.55,1286974
363,PF,30.66666667,0.392333333,0.293,4.566666667,10.4,3,880247.6667
364,PG,1,0.377,0.298,2.3,12.8,3.4,507336
365,SG,12.75,0.4235,0.352,3.7625,17.725,1.9,1989119.5
366,PF,1,0.574,0,5.5,13.6,0.9,59686
367,SF,63.5,0.439166667,0.342666667,2.6,15.95,1.866666667,6109633.333
368,SG,1.666666667,0.422,0.135666667,3.566666667,12.63333333,4.7,371679
369,SG,30.44444444,0.430666667,0.353,3.011111111,14.25555556,2.355555556,2498474.333
370,SG,0,0.433,0.346,2.7,13.9,4.4,664209
371,SF,23,0.4765,0,4.05,7.65,3.1,1121859
372,PF,75,0.5246,0.2538,3.14,21.72,4.04,10486272.8
373,PF,13.5,0.305,0.0975,3.2,7.75,1.35,2600000
374,SF,0,0.4,0,4.5,11.3,1.1,457588
375,PG,1,0.537,0,5.1,10.9,4.5,59686
376,C,0,0.4714,0,7,12.28,1.54,1480000
377,SG,0,0.508,0.091,3.85,11.4,2.4,543755.5
378,SG,2,0.323,0.301,3.2,13.3,1.1,1149720
379,SF,0,0.476,0.6,4.1,20.5,0,825497
380,SF,0,0.25,0,2.8,5.5,2.8,135895
381,SF,4.25,0.41025,0.3905,2.7,15.1,2.2,886889.25
382,C,14,0.478,0.323,3.5,11.1,1.8,816482
383,SG,54.5,0.451125,0.3705,2.7375,18.5875,4.1625,10656250
384,C,0,0.5,0,3.7,19.1,0,329138
385,PG,0,0.333,0.261,4.1,10.3,3.8,473604
386,PF,8.333333333,0.442833333,0.023833333,4.4,14.38333333,0.983333333,2593382.333
387,PF,0.5,0.3685,0.24,3.55,10.15,1.3,617899.5
388,SF,4,0.3265,0.2105,3.1,5.8,3.95,8035071
389,SG,15.5,0.4085,0.3525,2.65,16.5,2,1223700
390,SG,39.83333333,0.444,0.3705,2.866666667,21.08333333,4.666666667,7868991.833
391,SF,34.66666667,0.441333333,0.278666667,2.9,10.23333333,1.233333333,1809880
392,PF,0,0.29,0.154,2.1,8.6,0.9,473604
393,SG,9,0.48175,0.223,4.375,15.875,1.8,5880000
394,C,1.333333333,0.443333333,0.308666667,4.266666667,11,0.8,570698
395,PF,32,0.425111111,0.350777778,4.144444444,18.05555556,2.177777778,7323739.667
396,C,6.333333333,0.516333333,0,8,12.86666667,0.766666667,1197785.333
397,PG,42.6,0.4366,0.3103,3.06,15.99,6.29,5824584.2
398,SG,6,0.304,0.204,3.6,9.4,1.5,1519200
399,SG,1,0.4,0.369,4.5,9.9,1.9,884879
400,PG,8,0.416,0.269,5.2,10.1,5.9,390556
401,SG,10,0.387,0.3515,2.35,13.05,2.85,298273
402,PF,0,0.367,0,5.2,10.9,1.1,64978
403,C,7.666666667,0.456666667,0,7.033333333,12.06666667,1.2,2692000
404,SG,0.5,0.2485,0.1025,4.15,6.5,2.65,330130
405,SF,36,0.465666667,0.293,2.733333333,16.9,1.733333333,1781531.333
406,PG,4.8,0.3952,0.1772,4.44,8.28,5.48,1753604.8
407,PF,39.4,0.4883,0.02,3.54,10.46,1.13,4866200
408,SF,40.6,0.4474,0.2032,3.08,7.64,2.28,4350000
409,PF,45.125,0.4575,0.301875,4.125,13.575,2.8,4234063
410,C,27.11111111,0.472444444,0,4.566666667,6.788888889,2.411111111,3409328.778
411,SF,10.2,0.4256,0.3638,3.28,13.4,1.58,1949601.4
412,SF,51,0.4468,0.3804,2.18,15.8,3.82,5159436.6
413,SF,0,0.299666667,0.189666667,3.966666667,11.56666667,2.3,1124324.333
414,C,39,0.514666667,0,3.888888889,10.31111111,0.877777778,6431687.556
415,PG,15.6,0.4248,0.3792,2.34,13.56,3.54,1004792.2
416,PF,4,0.579,0,4.6,9.4,0.8,1158424
417,SG,48.66666667,0.431,0.274666667,2.416666667,15.11666667,2.516666667,3568807.833
418,SF,4.5,0.3605,0.2235,3.175,10.55,1.225,1899260
419,C,14.33333333,0.528666667,0,3.9,15.13333333,1.733333333,1905320
420,SF,4,0.437333333,0.372,2.566666667,14.86666667,1.333333333,1914666.667
421,C,70.28571429,0.465285714,0.164285714,4.685714286,15.58571429,2,7169166
422,C,42.57142857,0.505571429,0,3.171428571,14.8,1.285714286,3024841
423,SG,0,0.3205,0.2,4.5,14.3,4.35,259219.5
424,PF,45.3,0.4815,0.08,4.84,14.3,2.26,10343988.9
425,PG,36,0.448285714,0.366142857,2.928571429,14.58571429,4.271428571,4190200
426,SF,53,0.47875,0.3025,2.6625,14.35,2.7625,6400143.75
427,C,18.16666667,0.497666667,0.0455,4.416666667,14.65,1.233333333,4034114.5
428,SF,39,0.4105,0.3155,2.85,9.25,2.35,1274760
429,PF,0,1,0,0,36,0,148238
430,SG,51.55555556,0.409222222,0.371777778,3.322222222,12.1,5.322222222,6142945.333
431,SG,0,0.317,0.217,2.1,13.5,2.1,412718
432,SG,0,0.154,0,0.9,3.7,5.5,245884
433,SG,0.5,0.4425,0,5.45,11.25,6.55,1191780
434,SF,0,1,0,6.5,6.5,0,52033
435,PG,57.83333333,0.440666667,0.3785,2.633333333,14.88333333,6.8,4446078.5
436,SG,4,0.387,0.321,3,13.9,2.6,816482
437,C,7.111111111,0.586333333,0,6.333333333,11.16666667,0.766666667,1405059
438,SF,0,0.303,0.1665,1.75,8.6,2.6,792437.5
439,SG,21,0.414,0.365,4,14.7,2.8,1290360
440,C,61.5,0.541625,0.33375,2.575,15.4125,2.825,8190627.125
441,PF,0,0.25,0,1.6,8.2,0,91642
442,PF,5.333333333,0.354,0.320333333,3.433333333,8.433333333,2.6,3315000
443,SG,0.8,0.4206,0.4088,2.62,16.46,2.88,1547598.2
444,C,72.6,0.5845,0.1453,3.38,18.9,1.59,14054650.3
445,SF,37.25,0.425125,0.31775,3.025,16.775,1.8,4850717.25
446,PF,24.16666667,0.4235,0,4.066666667,9.733333333,1.683333333,4066385.667
447,SG,0,0.358333333,0.36,3.6,12.13333333,5.066666667,213850.6667
448,PG,2,0.35,0.359666667,1.833333333,13.1,4.333333333,6009530
449,PG,28.75,0.34775,0.28825,2.775,11.825,3.475,9444405.75
450,SF,4,0.459,0.314,4.2,9.6,1.3,880000
451,PF,17.8,0.4625,0,3.95,13.56,1.34,5171883.3
452,C,9,0.502,0,6.1,12.4,1.7,632455
453,PG,0.2,0.319,0.2508,3.9,8.94,4.8,1741985.6
454,SF,0,0.4415,0,4.9,10.3,0.2,374839
455,C,19.5,0.52725,0,3.675,11.375,0.275,3192000
456,PF,55.83333333,0.534333333,0.323833333,3.783333333,14.2,0.65,5077610.333
457,SF,67.6,0.4615,0.3361,1.83,13.96,4.84,9656795.5
458,C,58.5,0.481333333,0.143833333,4.516666667,15.43333333,1.433333333,8676620.5
459,C,0,0,0,6,0,0,800000
460,PF,36.71428571,0.442428571,0.367,3.942857143,16.01428571,1.657142857,4475101.286
461,SF,32,0.415,0.356,2.7,8.5,3.9,507336
462,PG,64,0.45475,0.39075,2.35,21.975,5.975,5838082.5
463,SG,77,0.4525,0.334,1.25,25.2,6.2,17732812.5
464,SG,13.625,0.405375,0.3725,4.075,9.4,2.35,967558.5
465,PG,32.88888889,0.446444444,0.342222222,2.377777778,14.05555556,5.711111111,3657402.556
466,PG,9,0.391333333,0.340333333,2.733333333,15.1,3.766666667,5040629.333
467,PG,0,0.3,0.167,3.4,9.7,6.8,53834
468,PF,1.333333333,0.405666667,0.174333333,5.666666667,9.6,0.966666667,680269.6667
469,PG,2,0.423,0.25,3.4,6.2,4.5,1355067
470,SF,1,0.294,0.243,3.6,8.5,2.5,2640000
471,SF,1,0.369333333,0.331333333,3.6,12,3,1455518.667
472,PF,17.5,0.441,0.25,3.75,14.4,1.75,4712500
473,PG,19,0.41325,0.26975,2.525,14.5,5.5,1466032.5
474,SF,50,0.398,0.323666667,2.55,16.23333333,3.716666667,7858250
475,SG,0,0.339,0.222,2.2,7,1.3,826269
476,C,4.333333333,0.479,0,4.933333333,9.066666667,0.7,725906.3333
477,SF,5.333333333,0.272666667,0,2.266666667,5.666666667,0.8,816552.6667
478,C,5,0.564,0,6.5,18.125,0.375,5600000
479,SF,75.1,0.5093,0.3477,1.71,25.94,6.5,14146103.3
480,PG,31.14285714,0.386142857,0.403714286,3.3,14.38571429,5.242857143,4005837.143
481,PF,53.66666667,0.429555556,0.337222222,2.722222222,18.08888889,1.566666667,10895173.67
482,SG,29.5,0.3945,0.358,3.475,9.25,4.475,5787500
483,PG,15,0.396,0.364,2.5,12.6,5.2,4000000
484,C,1,0.3455,0,5.4,7.3,1.05,589267
485,C,63,0.498,0.0968,3.07,19.64,1.79,9777871.2
486,PF,1,0.449,0.133,4.1,12.4,1.1,507336
487,SF,58.7,0.4561,0.3759,2.65,15.13,2.3,10134049
488,PF,26.85714286,0.401,0.153285714,4.414285714,6.828571429,1.914285714,4131226.429
489,PG,28,0.447,0.15,3.4,12,6.9,473604
490,SG,1.666666667,0.440666667,0.336666667,1.933333333,13.46666667,2.1,1258760
491,PG,68.16666667,0.392,0.350166667,2.1,17.78333333,6.633333333,4304726
492,PF,17.6,0.463,0.3442,3.88,13.4,1.54,3691517.6
493,PF,0,0.269,0.067,7.8,11.3,2.1,816481
494,PG,1,0.409,0.2,2.3,10.7,6.8,473604
495,PF,32.6,0.4004,0.3052,3.76,12.96,1.08,2767187.2
496,PF,12.5,0.513,0,5.85,12.05,0.85,550087
497,PF,30.8,0.5855,0.2168,5.48,12.59,1.64,4206297
498,PG,26.8,0.4278,0.3694,2.78,10.64,5.64,2398000
499,PG,0,0.46,0.375,3.3,13.95,4.5,617899.5
500,PG,0,0.314,0.267,3.3,8.2,6.7,168035
501,C,0.333333333,0.519,0,6.166666667,11.56666667,0.733333333,457953.6667
502,SF,1,0.4215,0.314,2.4,10.8,0.85,167930.5
503,SG,0,0,0,0,0,6,192228
504,SF,9.333333333,0.418666667,0.299666667,3.966666667,15.76666667,1.633333333,581025.3333
505,C,0,0.412,0,10.2,6.7,0.9,1138500
506,PF,2.5,0.5165,0.205,4.55,14.7,1.4,717899.5
507,PF,20.8,0.472,0.2378,4.5,12.62,2.78,2090561.2
508,PF,0,0.446,0,3,13.8,0.7,1042320
509,SG,73.9,0.446,0.3667,1.71,18.43,4.34,16620511.3
510,PF,1.75,0.434,0.38175,5.025,9.925,1.375,475007.75
511,SG,0,0.347,0.238,4.7,10.2,1.5,507336
512,SG,0,0.3595,0.287,2.7,10.5,2.25,669436
513,SG,0,0.182,0.1665,7.45,11.65,2.1,138464
514,SG,2,0.419,0.375,2.5,11.3,2.5,507336
515,SF,53.8,0.4082,0.3426,2.72,12.12,1.86,2783084.6
516,SF,5,0.462,0.111,6.3,11.8,1.7,412718
517,PG,2.5,0.37825,0.393,1.65,11.1,2.875,4026824
518,SF,16.66666667,0.419444444,0.279,4.644444444,11.93333333,1.833333333,1753038.889
519,SF,17,0.436,0.257,2.5,10.4,0.7,473504
520,PG,1.333333333,0.358333333,0.078666667,2.933333333,11.8,6.5,1193320
521,PF,0,0.37575,0,5.675,6.5,0.4,470098.25
522,SG,49.66666667,0.397666667,0.333333333,2.866666667,10.36666667,2.6,10600574
523,SF,15.25,0.4075,0.3485,2.925,11,3.45,2337843.5
524,SF,6.777777778,0.385222222,0.384222222,2.966666667,11.6,1.233333333,2421999.889
525,SF,21,0.34,0.328,4.2,12.1,0.7,1436983.5
526,PF,0,0.402,0,2.7,10.2,1.1,390027
527,SF,7,0.416666667,0.198,2.933333333,10.66666667,1.166666667,1082560
528,C,2,0.472,0.1,6.7,9.88,1.02,1064316.2
529,PF,31.66666667,0.509,0.307,2.766666667,15.06666667,1.666666667,1551840
530,C,57.57142857,0.655,0.035714286,3.914285714,10.95714286,0.628571429,6454266.286
531,C,0,0.5235,0,5.25,13.5,1.25,694423.5
532,PG,10.75,0.43925,0.2915,2.575,11.5,4.65,1319535.25
533,SF,0,0.143,0,2,6,0.7,189442
534,C,42.5,0.4923,0,3.54,16.26,1.82,7655852.8
535,C,28.25,0.5125,0.339,3.65,16.4,0.875,4694148.5
536,SG,10,0.415857143,0.372857143,2.942857143,10.98571429,1.642857143,3929435.143
537,SG,8.5,0.373,0.2535,4,9.2,2.2,1500840
538,SG,0,0.346,0.308,2,15.2,4.6,427163
539,C,0,0.449,0,11.7,13.5,0.5,682050
540,PF,34,0.337,0.336,3.4,9.7,2.7,1650000
541,PF,17.66666667,0.411666667,0.111,5.7,10.7,2.7,1398986
542,SF,63.66666667,0.465333333,0.111,3,12.26666667,1.666666667,4809840
543,SG,72.125,0.39125,0.369,1.95,10.025,8.1375,13180687.5
544,SG,0,0.35,0.308,1.5,11,2,64843
545,SG,5,0.442333333,0.367,3.533333333,14,1.166666667,476610.6667
546,SF,42.22222222,0.431,0.258333333,2.2,11.97777778,3.288888889,11416842.67
547,C,0,0.25,0,2.6,10.3,2.6,65000
548,SF,9.285714286,0.422714286,0.306,4.171428571,15.37142857,1.385714286,2694367.571
549,PG,32.75,0.39275,0.07175,3.375,9.75,8.025,3150000
550,PG,68,0.414666667,0.357333333,2.4,16.3,4.7,2704280
551,SF,0,0.275,0.243,1.55,9.1,3.05,1768380
552,SG,28.77777778,0.454444444,0.449222222,2.822222222,13.85555556,2.633333333,5086062.444
553,C,19.85714286,0.516,0,4.714285714,12.62857143,0.928571429,2128541.714
554,C,0,0.533,0,4.3,12.2,0.6,1500000
555,C,52.66666667,0.4875,0.075,4.066666667,14.56666667,1.183333333,3283657.333
556,PF,0,0.389,0.306,3.1,11.2,4.9,2000000
557,SF,5,0.389,0.395,6.4,12.8,1.6,429111
558,C,0,0.667,0,6.5,10,3,816482
559,C,24,0.418666667,0.159666667,5.966666667,9.833333333,1.166666667,11532037.33
560,SG,0,0.381,0.389,3,9.75,2.1,719436
561,SG,2.666666667,0.400333333,0.332666667,3.166666667,16.6,2.133333333,2111120
562,C,0,0.182,0,2.6,5.1,2.6,900000
563,PF,10.125,0.537875,0.124875,4.0125,16.3625,1.05,4365895.375
564,SF,0,0.372,0.321,4.5,14.3,0,457588
565,SG,0,0.25,0,3.6,7.2,0,272316
566,C,0,0.444,0,9.2,7.2,1.3,771331
567,PG,11,0.4065,0.309,3.15,9.4,4.8,1571520
568,C,1,0.404,0.188,5.8,12.5,1.7,1790280
569,PG,40,0.422,0.341,3,14.7,5.2,2055840
570,PG,2,0.41925,0.249,2.825,12.075,4.6,1768501.75
571,PF,0,0,0,18,0,0,473640
572,PG,51.16666667,0.472333333,0.373666667,1.95,16.36666667,7.416666667,4927707
573,SG,0,0.333,0.37,3.1,13.3,2.8,912538
574,SG,42.14285714,0.45,0.385142857,2.3,12.87142857,2.071428571,3107116.143
575,PF,49,0.5405,0.0333,3.22,16.27,2.59,7561003.3
576,SG,6,0.386,0.2665,3.5,9.45,3.55,631097.5
577,C,23.5,0.465,0.1665,5.95,9.4,0.6,3571320
578,SG,6,0.393,0.321,3.1,15,3.2,3520000
579,SF,56.25,0.497,0.3695,2.2,15.025,2.2,2093944.75
580,C,5.333333333,0.502,0.283,5.833333333,11.7,1.4,2222200
581,SG,0,0.357,0,3.2,11.2,4,473604
582,PF,9,0.4755,0.287,4.05,13.3,1.8,720552
583,SF,49.875,0.433875,0.3685,2.6125,15.5125,1.975,13214283.5
584,SG,0.5,0.4635,0.184,3,8.75,1.75,617899.5
585,PG,82,0.429,0.368333333,2.133333333,19.93333333,5.933333333,3202960
586,PG,34,0.4292,0.3172,3.24,15.08,6.4,5271947.4
587,PG,18.11111111,0.480222222,0.169111111,2.9,11.02222222,5.155555556,2556192.667
588,C,54.14285714,0.516142857,0.014285714,3.028571429,21.12857143,1.385714286,7699494.571
589,C,45.28571429,0.526857143,0,4.071428571,13.88571429,0.742857143,3575349.143
590,PF,51,0.438571429,0.312,2.414285714,20.07142857,2.571428571,8413488.429
591,PG,37.77777778,0.411444444,0.332111111,3.422222222,14.64444444,6.777777778,4528657.444
592,PG,1.142857143,0.376285714,0.264857143,2.114285714,12.47142857,4.457142857,725997.7143
593,PG,7.5,0.44,0.42325,3.15,14.625,4.3,3187500
594,PG,0,0.5,0,0,13.7,10.3,192228
595,SG,0,0.341,0.25,2.7,11.7,1.3,2500000
596,C,0,0.543,0,2.4,12.3,1.3,473604
597,PG,3.666666667,0.406,0.312666667,2.033333333,12.2,6.433333333,1263743.333
598,C,3.5,0.329,0,6.325,3.125,0.9,2315000
599,SF,27.875,0.439375,0.2995,4.075,20.3875,2.5125,8625000
600,C,17.14285714,0.466142857,0,5.628571429,8.128571429,0.685714286,3702738
601,C,1.5,0.5305,0,6.316666667,15.78333333,0.833333333,2463432.667
602,PF,0,0.2,0,5.3,6.7,0,20133
603,SG,7,0.318,0.182,2.4,6.4,2.9,884879
604,PG,39.25,0.40675,0.323,2.55,13.625,5.8,18372656.25
605,SF,62.3,0.4958,0.2708,2.11,14.19,1.97,10439466.7
606,PF,0,0.365,0.375,4.7,10.8,1.3,412718
607,C,0.833333333,0.467666667,0.241666667,6.683333333,10.98333333,0.8,1065994.333
608,PF,0.25,0.3995,0.35325,3.525,14.075,1.55,5915569.75
609,PG,17,0.410666667,0.368333333,2.133333333,9.133333333,8.566666667,1613321
610,SG,5.5,0.38,0.2775,2.35,10.25,1.4,531485.5
611,SF,1.4,0.3572,0.3246,3.8,11.8,1.5,640563.2
612,PG,0,0.311666667,0.292,3.733333333,11.03333333,6.166666667,1114861.333
613,PF,32,0.4955,0.1506,4.29,11.34,1.73,8704698
614,SG,49.1,0.4402,0.3836,2.2,20.93,2.32,7104092.6
615,SF,41.8,0.437,0.0334,2.56,11.3,1.6,5149444
616,SG,14,0.393857143,0.376857143,2.871428571,12.5,2.585714286,1798904.571
617,SG,63.5,0.444833333,0.392,2.466666667,15.83333333,2.3,5497364.667
618,PF,18.8,0.4836,0,3.74,10.91,0.79,2861482.1
619,PG,0.5,0.374,0.343,2.875,10.05,6.525,1567350
620,SG,43,0.427,0.375571429,2.642857143,16.48571429,3.385714286,5449919.571
621,C,6.25,0.4415,0.41675,4.575,14.875,1.95,1726477
622,PF,49,0.451833333,0.210166667,2.933333333,10.45,1.466666667,2754262.833
623,C,0.5,0.453166667,0,6.716666667,9.533333333,1.233333333,1645624.5
624,PF,0,0.545,0,5.5,16.3,0.5,167122
625,PG,30,0.438,0.306,2.3,12.6,4.7,816482
626,SG,9.75,0.4115,0.34475,4.225,16.65,2.325,1895351.5
627,SF,1,0.333,0.222,5.3,9,2.3,1035000
628,SG,1.5,0.426,0.3855,3.5,15.45,2.2,2368860
629,C,1,1,0,7.6,3.3,0,151089
630,SG,0,0,0,3,0,0,161061
631,SG,15,0.396,0.287,3.4,13,1.9,507336
632,SF,0,0.402,0.317,3.3,12.2,0.7,2277960
633,PF,29.5,0.5005,0,4.116666667,11.56666667,1.733333333,5660203.167
634,PF,0,0.385,0,7,13.2,0.9,412718
635,PF,2,0.533,0,5.3,14.9,1,1400040
636,C,22.57142857,0.523142857,0.142857143,4.742857143,15.41428571,0.628571429,5564617.143
637,SF,39.71428571,0.415714286,0.336714286,1.714285714,17.61428571,5.357142857,13989185.43
638,SF,14,0.408166667,0.111166667,3.683333333,5.95,2.366666667,696456.5
639,PG,10,0.422333333,0.157,3.166666667,8.566666667,5.3,2739863.333
640,SF,0,0.4485,0,2.95,4.05,3.45,8285437
641,SG,68.5,0.4065,0.339,3.15,12.65,1.6,2961120
642,PG,20.5,0.3705,0.3245,3.2,11.2,4.45,1300000
643,PG,0,0.273,0.5,5,9,2,29843
644,PF,20.5,0.498,0.2785,3.775,10.6875,3.275,2117662.125
645,C,0,0.457,0.25,6.55,15.35,3.45,1812566
646,SG,32.33333333,0.414666667,0.3645,1.983333333,14.41666667,1.65,1886097.333
647,PG,0,0.15,0,0.8,5,10.9,1450456
648,C,0,0.5,0,7,7,0,1254720
649,PF,0,0.458,0,7.133333333,9.5,1,369126
650,SF,40.66666667,0.449,0.377333333,3.466666667,14.33333333,2.466666667,725906.3333
651,C,20.33333333,0.404333333,0,6.1,12.33333333,2.166666667,2930939
652,PG,0,0.333,0,4,4.9,7.3,155614
653,SG,24.6,0.4116,0.3303,4.09,15.91,2.27,2528858.1
654,SF,11.5,0.473,0.1835,3.35,15.05,2.05,8477376
655,C,25.75,0.416125,0,4.75,10.175,1.5125,5607800.25
656,PG,49.2,0.4675,0.222,2.51,13.67,7.55,7296612.5
657,C,41.85714286,0.442285714,0.340142857,3.257142857,12.78571429,4.385714286,8807428.571
658,SF,3.333333333,0.33,0.239333333,5.233333333,5.933333333,2.033333333,554158.6667
659,SF,28.5,0.4486,0.4123,2.62,12.26,3.31,6846008.9
660,PF,5.333333333,0.312333333,0.162,3.366666667,11,2.6,542609.3333
661,SG,5,0.34,0.311,4.8,9.7,2.3,241731
662,PF,45.66666667,0.506,0.234222222,4.177777778,16.68888889,2.5,5901115.222
663,PG,0.8,0.4286,0.4038,3.38,18.44,4.1,1491191.6
664,C,48.4,0.5152,0.2,3.76,22.54,1.9,12913866.2
665,PF,3,0.405,0.316,3.7,18.1,2.1,5305000
666,SG,49,0.43275,0.3605,2.25,13.925,2.325,8193750
667,C,17.3,0.4728,0,5.23,11.58,0.96,4369717.8
668,SF,15,0.333,0.265,4.3,8.1,2,1016400
669,PF,66.8,0.5102,0,2.8,16.48,2.56,3718005.6
670,SF,39.25,0.4555,0.328,2.35,9.975,1.675,1722170
671,SG,6,0.41275,0.3535,2.975,11.775,3.3,767063.75
672,C,38.75,0.55525,0,5.05,10.9,1.875,2496294.25
673,PF,0,1,0,18,36,0,507336
674,SF,9.333333333,0.370333333,0.302666667,3.066666667,11.96666667,2.433333333,4344369.667
675,PG,4.25,0.39075,0.334,3.175,10.575,4.85,796206
676,PF,30.25,0.43925,0.329,4.175,15.725,2.275,2265819.75
677,PF,12,0.390666667,0.285666667,3.266666667,14.06666667,1.666666667,2251273.667
678,PF,0.666666667,0.445,0,9.133333333,12.13333333,0.6,820923.3333
679,SF,0,0.327,0,3.6,6.6,0.7,835810
680,SG,18.42857143,0.453,0.424857143,2.814285714,15.78571429,1.471428571,2486565.429
681,PF,26.33333333,0.467333333,0.302333333,4.5,14.9,1.9,1453386.667
682,PF,1,0.5015,0,3.55,9.25,0.55,1065780
683,C,21,0.568,0,5.033333333,14.33333333,0.433333333,4875477.667
684,C,32,0.5168,0.1,4.84,12.76,1.08,3820284.2
685,SG,6.5,0.4745,0.3325,2.5,19.55,1.25,1929540
686,C,13.2,0.3882,0.1846,5.04,13.08,1.06,1362762.6
687,SG,0,0.25,0.2,2.8,10.4,1.4,473604
688,PF,41.25,0.434,0.353875,3.45,12.4875,2.0125,7445867.125
689,SF,1,0.398,0.346,4.1,12.2,0.8,6388500
690,SG,13.6,0.4162,0.308,2.52,15.2,3.94,1605049.6
691,PF,8,0.55,0.409,3.7,14.1,1.8,816482
692,C,20.75,0.50125,0,4.125,6.425,0.225,1556020.25
693,PF,1,0.4295,0.391,4.1,16.2,1.65,2500000
694,PF,0,0.5,0,4.9,14.1,1.1,835810
695,PF,6.714285714,0.439714286,0.267714286,4.814285714,8.714285714,1.7,3687754.857
696,PG,10,0.382,0.364,2.7,9.3,4.6,1238640
697,PG,65.33333333,0.495777778,0.420555556,1.511111111,16.3,10.93333333,10786166.67
698,SG,30,0.402,0.361,1.6,15.2,3,538090
699,C,0,0.4,0,4.05,3.15,0,372015.5
700,C,1,0.415,0,5.4,11.8,1.7,398762
701,SG,5.8,0.4166,0.3752,2.5,16.6,2.88,1728316.8
702,SG,0,0.205,0.167,3.3,6.6,3.3,1056720
703,PG,5,0.444,0,5.1,11.2,2.7,182047
704,PG,56.4,0.44,0.3821,3.1,15.44,6.71,5379381.7
705,C,38,0.5336,0.0666,4.42,12.16,1.96,6446000
706,SF,2,0.365,0.382,4.75,8.85,0.75,3073125
707,PF,12,0.464333333,0.210666667,4.033333333,14.8,1.233333333,1482000
708,SF,0,0.297,0.1155,2.95,15.15,1.7,257528
709,C,57.875,0.497,0,3.525,11.525,3.35,7076887
710,SF,24.5,0.405833333,0.341166667,3.85,15.75,1.533333333,6037500
711,PF,0,0.367,0.321,3.5,8.4,3,412718
712,C,71,0.462,0,3.2,11.6,2,3315120
713,C,0,0.25,0,9.4,9.4,1.6,1762680
714,PG,0,0.411,0.286,4.2,10.6,4.2,4200000
715,PF,0.75,0.43725,0.42825,2.5,14.0375,0.7875,1558988.25
716,PF,73.6,0.4822,0.3914,2.28,23.4,2.77,17115297.5
717,C,27,0.446,0,6.8,13.9,1.6,1762680
718,C,21.33333333,0.575833333,0,6.083333333,7.216666667,1.966666667,2819613.333
719,PF,15,0.367,0,4.3,9.8,1.7,600000
720,C,0.75,0.4835,0,8.7,12.45,1.625,1849530
721,C,22,0.573333333,0,7.1,14.3,0.8,3800114.667
722,PF,40.5,0.46375,0.302,3.3,12.825,3.65,10501390.13
723,C,0,0.333,0,3,9,3,144867
724,C,63.875,0.5195,0,3.2625,13.6125,1.0375,8918904.5
725,C,56.14285714,0.434142857,0.368142857,3.585714286,15.95714286,2.428571429,9047857.143
726,SG,57.5,0.4275,0.333,2.8,17.05,4.4,4870980
727,PG,13.4,0.4182,0.0666,3.08,7.46,4.16,2431376
728,C,12,0.4295,0,6.1,7.75,0.85,3501812.5
729,C,11,0.4705,0.35,5.6,16.1,2.8,2031060
730,PF,36.88888889,0.469777778,0.033333333,4.155555556,15.46666667,1.766666667,12664820.11
731,C,53.66666667,0.604333333,0,4.716666667,19.76666667,2.033333333,17058696.83
732,C,1,0.857,0,3.2,14.3,2.1,43226
733,PF,13.66666667,0.502,0.093,5.266666667,12.96666667,2.633333333,830995.6667
734,C,1,0.5145,0,5.15,10.05,1.2,931636
735,C,22,0.492,0,5.8,6.5,2.6,4400000
736,PF,0,0.645666667,0,4.9,11.5,0.9,825639.6667
737,SF,10.66666667,0.409555556,0.320777778,2.811111111,14.31111111,1.422222222,3990954
738,PG,4.5,0.3695,0.319,3.85,11.55,2.85,543109
739,SF,0,0.4165,0.431,4.65,8.15,1.95,70885
740,C,31.1,0.4661,0,4.55,11.75,2.13,4540000
741,PF,0.5,0.3195,0.2945,5,8.9,1.65,1582658.5
742,PG,18,0.424,0.063,3.3,11.5,5,1400000
743,SF,1,0.35,0.292,3.2,8.2,3.8,4800000
744,PG,2.125,0.396375,0.365,3.0625,16.4625,4.95,1259627.5
745,PG,5,0.333,0.263,3.9,10.7,4.7,1000000
746,SF,70.5,0.440833333,0.404,2.033333333,11.5,3.033333333,3466655
747,PF,25,0.49,0.25,2,15,2,4930560
748,PG,54.66666667,0.410333333,0.320666667,3.166666667,11.83333333,4.1,1264453.333
749,PG,68.6,0.5061,0.3285,1.75,20.32,7,11600000
750,SF,68.25,0.468,0.368,2.3,15.1,3.2,4341187.5
751,PF,13,0.4838,0.2242,2.98,12.84,1.8,2963325.6
752,SF,29,0.5005,0.079,3.7,14.15,2.6,3555948.5
753,PG,69.9,0.4725,0.3627,2.45,18.53,9.89,11605145.9
754,SG,16,0.393428571,0.338285714,3.828571429,10.4,2.057142857,2456035
755,PF,22,0.414,0.111,4.3,10.4,1.5,1855320
756,PG,63,0.425,0.262,2.8,10.6,7.7,2397840
757,PG,26.5,0.4065,0.2735,2.7,9.2,4.4,1158424
758,C,1.666666667,0.382666667,0.292666667,4.066666667,15.03333333,0.666666667,1446720
759,C,38.2,0.5132,0,3.62,17.84,1.06,7508160
760,PF,3,0.5444,0.1,5.52,11.36,1.32,1407267.6
761,C,55.7,0.5161,0,4.55,8.61,1.69,5406637.2
762,C,0,0.3,0,5.7,9.5,0.9,1800000
763,SG,35.5,0.411,0.3165,3.75,12.48333333,1.466666667,5487700
764,C,17.375,0.461875,0.15625,5.8625,10.7625,1.225,1980661.75
765,SF,0.333333333,0.372333333,0.361666667,3.233333333,11.66666667,2.433333333,1799312.667
766,SF,71.6,0.4577,0.3822,2.79,20.15,3.89,14981682.4
767,SF,20.42857143,0.415428571,0.350428571,3.742857143,12.97142857,1.2,3720687.571
768,C,2,0.388333333,0,8.066666667,9.4,0.366666667,696729.3333
769,PG,1,0.361,0.232,5.5,11.5,3.2,1127280
770,C,33.5,0.616,0,4.55,14.75,1.6,1327860
771,C,35.66666667,0.43,0,3.333333333,9.733333333,1.033333333,1121560
772,C,0,0,0,0,6,0,1141560
773,C,10.66666667,0.466666667,0,7.733333333,7.966666667,0.9,3231509
774,SG,4.25,0.4195,0.345,2.875,10.575,1.725,1421719.75
775,SF,6.5,0.4065,0.2635,2.65,10,1.35,4374240
776,SF,14.33333333,0.394166667,0.363,3.85,10,1.85,5710683.333
777,C,6,0.2605,0,6.7,4.3,0.45,3497292
778,PF,0,0.463,0.273,6.1,13.7,1.4,507336
779,SF,4,0.49275,0,5.5,15.225,0.625,693056.5
780,PF,4.666666667,0.440166667,0.073,4.683333333,11.15,1.516666667,804498.3333
781,SF,0,0,0,5.5,5.5,0,412718
782,PG,0,0.368,0.246,3.2,10.6,7,816482
783,PG,5,0.3734,0.3056,2.14,13.96,5.16,604368.8
784,PG,6.111111111,0.371666667,0.285222222,4.388888889,10.71111111,4.566666667,1070362.889
785,PG,16,0.438333333,0.401,3.3,7.7,6.066666667,1242638.333
786,SF,69.1,0.4478,0.3726,1.31,13.13,2.8,7726311.5
787,SG,1,0.476,0.167,3.2,13.4,1.9,745248
788,SG,0,0.333,0.271,3.55,10.6,4.35,680758.5
789,C,30.375,0.50275,0,4.9875,5.65,0.825,4450994.75
790,PG,5.2,0.3836,0.3546,2.84,11.32,5.06,797946.6
791,PF,17.875,0.398875,0.34675,4.2125,11.775,2.3375,4514689.625
792,C,0,0.375,0,12.5,12.5,0,396100
793,PF,0,0.333,0,2.6,5.1,0,2997360
794,PF,8,0.4504,0.099,4.34,16.32,1.68,1976542.4
795,PF,1.166666667,0.404,0.166666667,5.333333333,11,1.333333333,812759.6667
796,PF,66,0.47,0.235444444,2.688888889,18.91111111,2.155555556,15074074
797,C,10,0.4126,0,4.22,5.2,0.8,5450848.6
798,SG,0,0.429,0.25,0,12,4.5,600000
799,SG,5,0.386,0.414,4.3,14.7,2.2,412718
800,C,2,0.542,0,5.2,11.8,0.8,3000000
801,SG,35.71428571,0.423428571,0.336857143,1.485714286,19.7,2.614285714,13172643.71
802,SG,18.44444444,0.435111111,0.397222222,2.377777778,16.16666667,2.744444444,4657056.444
803,PF,4.5,0.3885,0,5.45,11.85,1.7,970874
804,PF,0,0.8,0,2.1,16.9,0,475000
805,C,2,0.349,0,6.6,4.9,1.9,396905
806,SG,0,0.2,0.143,9.2,9.2,1.7,400000
807,PF,1.5,0.494,0,6.7,6.1,1.15,235241
808,SG,59.44444444,0.428888889,0.374666667,2.4,17.18888889,2.6,9755082.778
809,SF,0,0.286,0.353,2.3,14.3,1.2,769431
810,SF,37.875,0.3455,0.335625,2.725,10.725,1.8625,5993487.5
811,PG,40.5,0.4303,0.3402,3.05,12.75,6.08,4231387.8
812,PG,15,0.3885,0.345,3.35,11.9,3.75,2288700
813,PG,0.333333333,0.414,0.401,3.033333333,15.8,2.066666667,487818
814,SG,40.5,0.4715,0.2005,5.3,6.6,1.7,1135860
815,PG,19,0.408666667,0.355666667,2.6,14.23333333,5.166666667,1331492
816,PF,9,0.4535,0,5.45,10.3,1.05,531485.5
817,SF,18,0.43,0.095,3.9,11.7,2.1,641748
818,C,7,0.3995,0.361,3.85,9.15,1.8,2050000
819,PG,10.6,0.4166,0.3583,3.93,17.27,4.78,2468378.1
820,PF,1.333333333,0.465333333,0,4.766666667,13.1,1.5,3526480
821,PG,5.5,0.41075,0.313,3.275,11.5,7.975,1167458.75
822,PG,57.77777778,0.462111111,0.256666667,2.488888889,11.95555556,9.277777778,6753653.778
823,PG,56.5,0.433833333,0.292166667,1.483333333,20.45,6.383333333,9840451.833
824,SF,0,0.442,0.447,3.2,15.8,2.3,16141500
825,PF,13.33333333,0.379666667,0.512,5.266666667,10.4,2.366666667,6878465.667
826,SF,28.6,0.4206,0.2008,3.66,7.58,1.66,859734.2
827,SF,41.66666667,0.413333333,0.366333333,2.966666667,14.06666667,1.433333333,2678640
828,SG,50,0.4295,0.292833333,1.933333333,17.06666667,4.9,7923393.5
829,PG,45.5,0.3635,0.30475,2.9,11.65,9.275,4073511.5
830,SF,2,0.452,0.406,2.7,11.1,1.8,1100000
831,PF,1.5,0.3845,0,6.15,4.35,0.8,1412342
832,SG,15,0.424571429,0.300571429,3.128571429,11.45714286,1.8,2557816
833,SG,10.25,0.374,0.34325,3,11.225,2.225,1329135.25
834,SF,0,0,0,0,0,12,1138500
835,PG,0,0.347,0.308,2.9,8.5,5.8,374289
836,C,11.33333333,0.421333333,0,4.966666667,9.666666667,1.5,725906.3333
837,SF,43.11111111,0.424666667,0.348111111,2.533333333,12.28888889,3.177777778,5440444.556
838,C,0,0.469,0,6.15,7.3,0.2,612372
839,C,1.5,0.6785,0,4.75,8.05,3,745352
840,SF,32,0.422,0.244,4.3,12.3,2.5,507336
841,C,3.666666667,0.426,0,4.966666667,12.73333333,1.1,534650.3333
842,C,22.6,0.473,0,5.5,11.4,1.32,3927801.6
843,SG,0,0.485,0.667,6.4,13.1,1,24315
844,PF,5.428571429,0.407142857,0.277857143,4.814285714,7.842857143,2.457142857,2511633.714
845,SG,0,0,0,0,0,0,24315
846,C,0,0.304,0,7.6,5.8,0.3,55000
847,PG,5,0.405,0.2945,3,14.25,6.35,1519440
848,PF,53.5,0.4955,0.097625,3.875,17.025,2.325,6384956
849,PF,2.333333333,0.466333333,0.218,2.9,17.7,1.766666667,1531936.333
850,SF,47.25,0.438875,0.346,2.9,9.2,2.3375,3055508.5
851,PG,0,0.31,0.15,3.45,10.9,3.5,656097.5
852,C,1,0.497333333,0,4.9,17.83333333,0.2,2105520
853,C,6.2,0.4918,0,5.54,13.68,1.12,2340177.2
854,PG,17.125,0.43025,0.27775,2.1125,15.3,6.7125,3139955
855,C,4,0.581,0,7,7.5,0.2,641748
856,PG,0,0.356,0.1,3.4,11.5,5.7,89670
857,PF,0,0.364,0,5.4,14.4,0,442114
858,SF,0,0.4495,0.25,4.25,9.2,2.25,631238
859,SG,40.75,0.39625,0.34575,3.575,10.9,2.925,1891053.75
860,SG,8.333333333,0.363333333,0.309,2.2,15.66666667,4.766666667,3122222
861,C,0,0.548,0,7.1,16,1.1,473640
862,PF,1,0.437,0,5.55,10.8,1.05,900240
863,SF,23.5,0.332166667,0.311333333,3.916666667,9.4,2.166666667,6518242.333
864,PF,1.333333333,0.381,0,3.933333333,8.066666667,0.566666667,1629120
865,C,0,0.25,0,4.65,8.3,1.65,148389
866,C,32,0.474,0.182,3.5,15.1,2,915243
867,SF,20.66666667,0.375666667,0.302666667,4.266666667,9.166666667,1.166666667,1566680
868,PF,5.333333333,0.468333333,0.346333333,4.433333333,10.2,1.233333333,708756.3333
869,SF,56,0.420333333,0.376666667,3.3,11.1,1.4,1045000
870,PG,2,0.365,0.4,5.3,10.7,3.4,442114
871,C,11,0.300666667,0.111166667,4.716666667,5.483333333,0.533333333,1568888.333
872,PG,11,0.394333333,0.210333333,1.733333333,10.86666667,5.5,677028.3333
873,C,0,0.538,0.5,5.5,19,0.5,412718
874,PG,38,0.367,0.335,3.5,10.4,4.1,3283320
875,SG,4,0.417,0.395,4.8,13.7,1.5,771123
876,PF,8.166666667,0.547,0.033333333,4.983333333,15.75,1.716666667,1565475.667
877,SG,0,0.556,0.5,5.7,10.8,2.6,641748
878,PF,3,0.62775,0,6.5,10.65,0.55,724096
879,PG,4.4,0.3844,0.2544,2.34,10.36,6.6,976175.6
880,C,13.71428571,0.462571429,0.157,4.7,12.98571429,1.5,2231233.286
881,PF,9.833333333,0.4095,0.095333333,4.816666667,12.16666667,1.433333333,4302306
882,PF,70.6,0.4556,0.2582,3.03,16.52,3.55,9264654.3
883,SG,16.2,0.4251,0.3769,3.16,18.21,3.02,3933979
884,PG,2,0.37,0.2515,3.45,12.4,4.25,1355940
885,PG,0,0.32,0.182,7.2,16.6,4.4,816482
886,PF,0,0.25,0,5.1,6.4,0,161061
887,SF,17,0.4065,0.3455,2.35,10.6,1.8,1440720
888,PG,44,0.328,0.033333333,3.433333333,5,5.5,6093750
889,SF,23,0.4525,0.3035,3.1,13.6,2.65,1487340
890,PG,9,0.429,0.326,3.6,13.3,6.7,711517
891,C,8.5,0.492666667,0.0945,5.333333333,12.8,2.083333333,3895166.667
892,C,12.5,0.382,0,4.65,9.8,1.3,693149.5
893,SG,0,0.319,0.172,4.4,11.3,3.7,1800000
894,C,10.42857143,0.472142857,0.190857143,5.171428571,18.22857143,1.371428571,2721942.143
895,C,30.2,0.5576,0,3.7,15,2.18,6053200
896,SF,4.25,0.364125,0.302375,1.9625,13.725,2.95,4626216.625
897,SG,1,0.365,0.322,2.9,10.2,2.1,2745840
898,SG,35.2,0.4072,0.1972,3.02,11.34,4.8,2487000
899,SG,50.5,0.3685,0.30425,2.175,9.8875,2.5875,2638897.625
900,C,10.5,0.5815,0,6.625,7.5,1.275,1748569.75
901,PG,0,0.333,0.5,1.1,8.7,9.8,29843
902,SF,48,0.424,0.403166667,1.866666667,16.51666667,1.466666667,11902720
903,PF,2,0.568,0,7.1,16.3,1.1,725000
904,PG,1,0.7095,0.091,4.35,8.1,5,617899.5
905,SG,0.5,0.414,0.2145,6.25,13.05,1.7,676632.5
906,PF,45.6,0.527,0.143,3.73,21.73,1.35,16048533.9
907,PG,37,0.381333333,0.339666667,2.3,11.8,6.066666667,4235479.333
908,PG,0.333333333,0.397333333,0.360666667,3.166666667,17.16666667,2.266666667,729000
909,SG,0,0.315,0.24,4.8,9.7,4,427163
910,PG,37.625,0.424375,0.28525,2.8125,16.6375,4.7375,4319633.875
911,PF,32.66666667,0.453,0.250666667,4.7,15.3,2.2,1365720
912,SF,2.333333333,0.397,0.366333333,4.566666667,12.33333333,1.166666667,507640
913,C,22,0.4415,0,6.8,15,2.15,2406938
914,C,11.33333333,0.463,0,5.433333333,8.366666667,0.533333333,2648241.333
915,PF,6.75,0.4735,0.25,5.75,14.275,0.75,5600000
916,SF,0,0.333,0,1.7,12,3.4,473604
917,SF,24.25,0.44575,0.40975,2.45,16.825,2.275,12081250
918,C,0,0.605,0,6.2,11.7,0.5,423762
919,SG,1,0.395,0.2055,3.45,11.55,3.95,531485.5
920,SG,6,0.429,0.269,2.35,15.9,2.15,752935.5
921,SF,16.66666667,0.400666667,0.306333333,3.233333333,11.26666667,1.533333333,759705
922,PF,7.5,0.377,0,5.45,10.5,1.65,8832959
923,PG,5,0.412,0.325,3.9,13.5,4.9,500000
924,PG,1.5,0.3545,0.356,4,12.85,4.1,631238
925,PG,50.83333333,0.443166667,0.327833333,2.75,15.31666667,6.716666667,3810619.5
926,SG,1.5,0.35,0.226,4,8.9,5.25,1051560
927,PF,3.666666667,0.394666667,0.351333333,3.5,14.43333333,1.7,3229050
928,PG,18.55555556,0.389555556,0.314,3.644444444,12.75555556,5.733333333,1946067.667
929,SG,18,0.389666667,0.302333333,3.566666667,8.666666667,3.466666667,823375.3333
930,SG,27,0.4421,0.3836,2.17,16.21,3.95,8100679.3
931,C,4,0.5412,0,6.96,7.06,0.3,3355968
932,SF,0,0.235,0.25,3.4,12,0,775426
933,C,9.8,0.5048,0,4.56,10.8,0.58,5342853.2
934,PG,38.5,0.44025,0.36475,2.8,19.775,5.9,2339674.5
935,PF,0,0.526,0,8.4,6.7,0.2,148698
936,C,0,0.4,0,4.8,4.3,0.6,282118
937,PF,22.6,0.4538,0,4.32,6.48,1.7,7780000
938,PF,23.8,0.4924,0.2,4.88,8.64,1.46,4758745
939,SF,6.333333333,0.391333333,0,4.066666667,7.633333333,1.4,658310.6667
940,PF,0,0.225,0,1.6,5.4,1.85,288552
941,SF,20.5,0.43025,0.36825,3.925,15.5,2.5,6167413.75
942,PF,18,0.505714286,0.172571429,4.157142857,14.72857143,2.085714286,5984789.857
943,SF,0,0.42,0.182,3.2,17.8,1.1,243931.5
944,SG,23,0.413,0.401,2.9,12.7,1.7,816482
945,PF,57.85714286,0.498428571,0.014285714,4.171428571,12.61428571,1.528571429,3720042
946,SG,67.25,0.443,0.41775,2.775,19.6,2.7,2451580
947,SG,3,0.292,0.364,3,6.8,2.7,168035
948,PF,51,0.48775,0,3.1,12.65,0.95,4233277.5
949,C,0,0.393,0.308,3,17.2,0.9,473604
950,SF,48,0.449333333,0.313,3.333333333,15.63333333,1.533333333,1776240
951,SG,21,0.425333333,0.3635,2.2,18.51666667,2.033333333,5395013.833
952,PG,34,0.38725,0.252,3.225,12.075,7.6,5935075
953,PF,9.142857143,0.396,0.331857143,3.071428571,10.72857143,1.728571429,1402580
954,C,13,0.5045,0,5,10.2,0.55,2900000
955,SF,0.333333333,0.41,0.247,1.866666667,17.73333333,1,1001840
956,SF,47.25,0.4605,0.2615,3.375,11.075,1.8,1939801.5
957,C,11.55555556,0.491555556,0,4.311111111,8.222222222,2.633333333,2509017.333
958,SF,46.22222222,0.406222222,0.354222222,3.222222222,13.46666667,3.955555556,7755021.111
959,SG,45.8,0.4288,0.301,2.72,13.34,4.48,4960301.4
960,C,7.666666667,0.437666667,0,5.633333333,12.6,0.733333333,798829.3333
961,PF,10.4,0.432,0,4.72,8.24,1.58,3067102.4
962,SF,16,0.3768,0.278,3.42,9.14,2.26,785363.4
963,PG,28.44444444,0.456222222,0.341,2.611111111,13.72222222,5.611111111,3642027.111
964,PG,0,0.4235,0.2135,2.65,13.5,5.35,776616
965,PG,4,0.389,0.1875,2.7,10.45,5.8,267518.5
966,C,72.66666667,0.553333333,0,4.1,14.83333333,0.9,3610840
967,PG,2,0.397,0.357,2.2,13,4.5,1138500
968,SF,0,0.424,0.368,4,15.6,1.2,15694250
969,C,20.8,0.5142,0.02,3.7,11.3,1.82,6134383.9
970,PF,0,0.5145,0,6.4,7.75,1.65,549054
971,PG,33.5,0.41975,0.33275,2.975,12.825,7.2,2435200
972,PG,4.75,0.4025,0.49175,3.475,8.7,5.4,1162000
973,PF,8.333333333,0.517,0,5.733333333,8.5,1.433333333,3233640
974,PF,15.9,0.4252,0.335,3.85,18.18,1.37,5007861.9
975,SF,0,0.4585,0.423,2.8,11.15,1.35,550087
976,PF,0,0.395,0.385,2.8,11.5,0.6,2524200
977,C,3,0.4105,0.08325,7.625,9.3,1.4,1940913.25
978,PF,2,0.394,0,6.9,6.5,1,682051
979,C,55.75,0.49975,0.177,3.625,15.775,1.9,1989745
980,SG,4.333333333,0.397166667,0.365833333,3.7,12.76666667,2.766666667,3106885.167
981,SG,63.9,0.4955,0.2737,2.28,24.5,5.88,13085110.6
982,SG,2.6,0.261,0.1862,2.42,10.12,1.6,587158.6
983,SG,0,1,1,5.1,20.6,5.1,771331
984,SG,31.66666667,0.413666667,0.325,2.5,17.63333333,3.366666667,3894280
985,PF,11.66666667,0.398333333,0.319,3.233333333,14.8,2.366666667,7605486.667
986,SF,4.666666667,0.469,0.242333333,5.533333333,12.8,1.833333333,503975
987,PG,59.5,0.39175,0.316,1.725,17.625,5.825,2682432.75
988,PF,0,0,0,11.5,3.3,0,364223
989,C,56.5,0.465666667,0.158333333,2.2,5.5,1.883333333,7272140.833
990,SF,52.33333333,0.468888889,0.312666667,2.488888889,13.21111111,2.544444444,8666016.111
991,C,50.66666667,0.416666667,0.336666667,3.716666667,15.03333333,1.7,9364363.5
992,PG,66.6,0.4302,0.257,2.4,17.78,8.62,7759233
993,SG,0,1,0,0,24,0,38904
994,PF,18.71428571,0.407,0.327285714,2.957142857,9.428571429,5.114285714,3890909
995,SF,1,0.528,0.238,3,14.4,1.5,1953120
996,PG,0,0.371,0.333,4.3,9.9,7.3,500000
997,PF,13.5,0.47125,0.10275,3.2875,16.25,1.5,2653492.75
998,SG,0,0.438,0.333,3.9,13.1,3.7,154847
999,C,0,0.333,0,4.1,6.1,0,109461
1000,PG,12.14285714,0.423,0.372571429,2.514285714,13.41428571,4.528571429,1780030.429
1001,PG,21.88888889,0.378444444,0.291111111,3.644444444,8.7,7.222222222,4269862.444
1002,PG,1,0.295,0.226,4.6,13.5,4.8,217301
1003,PF,0,0,0,5.1,0,5.1,29843
1004,SF,1,0.402,0.367,2.9,10.7,2.1,507336
1005,SG,9.5,0.4115,0.356,2.85,9.1,2.9,838710
1006,PF,47.66666667,0.456666667,0.212333333,3.466666667,14.13333333,4,18996065.67
1007,SF,26.6,0.3631,0.3285,2.47,11.54,1.34,3924324.3
1008,SF,15.66666667,0.426333333,0.137333333,3.566666667,13.3,2.433333333,677641
1009,SG,16.33333333,0.439,0.201666667,3.566666667,14.53333333,2.4,4133066.667
1010,SF,2,0.387,0.286,2.7,10.4,2.6,2177114
1011,SG,32,0.348,0.301,3.25,9.1,3.45,3410000
1012,PG,70,0.430857143,0.296857143,2.585714286,22.78571429,7.571428571,8633024.857
1013,PF,71.4,0.4899,0.2454,2.75,17.81,2.62,8526109.8
1014,PG,35.85714286,0.449714286,0.364142857,2.371428571,12.61428571,4.785714286,2042910.857
1015,SG,2,0.470666667,0.333333333,6.4,7.1,2.166666667,528473.3333
1016,C,0,0.404,0,7,8.3,2.9,398762
1017,PF,2.75,0.53625,0.25,3.05,15.75,1.575,1067763.75
1018,C,10.66666667,0.357333333,0,14.7,9.133333333,0.066666667,754171
1019,SF,9,0.435,0.3135,2.7,11.7,1.85,836271
1020,PF,0,0,0,8,0,0,1719480
1021,PF,0,0.452,0.167,6,19,2,507336
1022,SF,82,0.437,0.31,2.3,16.8,2.1,5510640
1023,C,27.42857143,0.567571429,0,4.628571429,14.01428571,1.257142857,4264597.286
1024,SG,0,0.421,0.368,2.5,14.6,2.9,1109760
1025,SG,17.75,0.42925,0.31125,3.175,11.4375,2.5375,2202269.875
1026,PG,1,0.4405,0.38325,3.175,9.525,3.425,487175
1027,C,5.666666667,0.518333333,0,5.666666667,8.533333333,0.866666667,2338333.333
1028,PG,0,0,0,0,5.4,5.4,5443754
1029,PF,0.5,0.4635,0.5,5.25,14.6,1.25,6250000
1030,PG,66.4,0.4447,0.3592,2.65,17.44,8.61,11533877.6
1031,PF,25.66666667,0.429666667,0.304666667,2.133333333,15.83333333,1.033333333,5293988
1032,SG,0,0.439,0.37,3.95,16.25,2.5,782076
1033,SF,5.5,0.3955,0.3495,4.6,12.7,1.8,4117000
1034,PG,36.4,0.4022,0.3414,1.48,11,6.04,5586720
1035,SF,2.333333333,0.378333333,0.315,3.4,14.03333333,1.2,434178.3333
1036,C,5,0.507,0,3.5,11.2,0.6,473604
1037,C,0.5,0.531,0,5.25,12.1,0.1,562090
1038,SG,5.4,0.4214,0.329,2.21,17.9,4.52,3720831.9
1039,PG,43.1,0.4328,0.3785,2.94,16.54,6.04,6134500
1040,PF,51.7,0.4427,0.3014,2.66,12.93,1.63,6266054.3
1041,PG,2.5,0.34825,0.32275,2.65,11.725,7.075,1098947.25
1042,SF,4.4,0.4516,0.3056,2.46,15.86,2.96,1389541.2
1043,PF,9.666666667,0.461333333,0,6.333333333,9.2,0.766666667,1522880
1044,PG,0,0.407,0.4,2.1,9.8,3.2,1750000
1045,C,17.33333333,0.467,0.083333333,4.766666667,10.93333333,1.05,2042811.5
1046,SF,7.5,0.382833333,0.29,4.25,11.41666667,1.316666667,1587379.167
1047,SF,2.25,0.42475,0.316,2.375,13.25,4.475,1735084
1048,C,0,0.5,0,3.6,13.6,1.5,816482
1049,PG,0,0.351,0,2.6,6.1,3.1,912538
1050,C,4,0.475,0,5.4,6.9,0.4,780000
1051,SF,16,0.508,0.367,3.4,11.7,1.7,599834
1052,SG,16,0.359166667,0.2195,3.766666667,8.433333333,1.466666667,1602685
1053,SG,0,0.406,0.3265,1.6,14.6,2.05,531485.5
1054,PF,7.6,0.5828,0,3.22,15.16,1.02,3643694.4
1055,SF,1,0.511,0,4.3,13.5,0.8,473604
1056,SF,22.2,0.4255,0.3232,2.69,12.89,2.27,2754638.1
1057,SF,10,0.503,0.26125,2.175,10.775,2.175,2116714.25
1058,C,23,0.3955,0,5.8,6.425,1.05,3865568.75
1059,PG,10.33333333,0.404666667,0.241333333,3.5,17.2,5.466666667,1160080
1060,SG,0,0.353,0.258,2.4,11.4,1.4,1674480
1061,SG,16.375,0.419875,0.376375,3,18.525,1.6375,2854590.25
1062,SG,13,0.41725,0.2845,2.75,12.075,1.65,845429
1063,PF,45.25,0.500375,0.286375,2.6,16.225,1.7125,5322967.75
1064,SG,0,0.273,0,12.9,7.7,2.6,442114
1065,C,24,0.4435,0.5,4.05,11.95,2.35,3943800
1066,C,0,0.346,0.2,3.1,11.8,1.9,473604
1067,C,41,0.508333333,0,4.466666667,13.93333333,1.766666667,1633440