Pos,GS,FGptg,X3Pptg,PF,PTS,AST,Salary
PF,25.0,0.404333333333333,0.125666666666667,4.96666666666667,12.5333333333333,2.46666666666667,5400000.0
SG,0.0,0.3225,0.275,2.85,11.15,3.15,555139.5
PF,7.33333333333333,0.495666666666667,0.355666666666667,4.96666666666667,10.2,1.43333333333333,789705.0
SG,4.0,0.432,0.0,3.1,10.15,0.8,354940.5
SG,0.0,0.407,0.4,3.5,13.6,2.3,1344120.0
C,43.5,0.5235,0.0,5.3,9.45,1.3,2137920.0
PF,3.4,0.449,0.0,5.1,11.34,1.62,662881.4
SG,54.0,0.4505,0.36825,2.75,14.05,2.4,4422597.125
SG,1.0,0.38275,0.31025,4.875,13.475,1.3,751656.25
PG,0.0,0.333,0.5,5.7,15.2,3.8,125562.0
C,3.5,0.464,0.08825,6.525,14.4,0.875,1274331.0
C,0.0,0.2805,0.0,3.15,6.7,1.05,800000.0
PF,9.0,0.513,0.0,6.4,6.2,1.9,3000000.0
C,4.0,0.52125,0.0,5.575,9.575,1.3,1959771.0
PF,67.4444444444444,0.487333333333333,0.195222222222222,2.77777777777778,19.5555555555556,1.93333333333333,9564767.44444444
SF,0.0,0.2915,0.174,8.3,9.5,2.3,2493240.0
C,13.5,0.4615,0.0385,3.925,10.075,2.125,1870441.75
PF,7.16666666666667,0.427666666666667,0.277833333333333,5.23333333333333,10.2,1.26666666666667,1383542.16666667
SG,55.1111111111111,0.459333333333333,0.405,2.0,17.6555555555556,2.87777777777778,11924338.8888889
SG,28.4,0.4824,0.229,3.92,13.81,2.42,2765096.0
SG,0.5,0.337,0.272,4.5,12.5,1.9,1043700.0
PG,66.6,0.3762,0.3448,2.36,12.4,5.54,4510626.6
SF,34.8,0.4332,0.2696,3.04,10.34,1.7,2589552.8
PF,5.25,0.461625,0.0,5.5375,9.6375,0.975,1082853.75
SG,10.8,0.4194,0.3368,3.4,13.3,2.16,721996.2
C,3.0,0.578875,0.178125,4.1375,11.2375,0.775,3614519.625
PF,0.0,0.4475,0.347,4.35,13.85,1.55,2400000.0
SG,14.3333333333333,0.387,0.339666666666667,3.8,12.3,3.83333333333333,7675495.66666667
SG,22.0,0.397666666666667,0.332666666666667,2.5,11.9,2.33333333333333,1247006.33333333
SF,8.0,0.348,0.273,2.8,7.4,2.8,1093680.0
PF,21.7142857142857,0.422571428571429,0.378857142857143,2.97142857142857,17.7428571428571,1.22857142857143,4527994.42857143
SF,1.0,0.429,0.263,4.2,7.1,1.7,8935000.0
C,0.0,0.0,0.0,4.0,0.0,0.0,398762.0
SG,47.0,0.4525,0.253,3.45,12.3,2.85,1832880.0
SF,67.3,0.458,0.3387,2.89,25.64,3.12,15162271.5
C,13.75,0.499125,0.0,4.075,5.6375,0.475,2526772.125
C,3.0,0.365,0.301,4.6,12.4,1.7,1250000.0
C,17.0,0.3905,0.0,5.95,8.85,1.2,2317080.0
PG,30.1428571428571,0.386714285714286,0.323714285714286,3.35714285714286,19.5142857142857,6.17142857142857,14447992.4285714
SF,40.1,0.4402,0.2888,2.65,12.8,2.7,5251434.0
PG,2.66666666666667,0.371333333333333,0.299333333333333,3.5,9.5,5.06666666666667,1178812.66666667
C,9.75,0.51125,0.125,5.775,9.175,0.925,1673320.0
PG,25.75,0.44775,0.33725,2.625,11.7,5.175,2632684.5
SF,55.6666666666667,0.411444444444445,0.345444444444444,2.8,14.3555555555556,2.78888888888889,6331593.44444444
PF,13.6666666666667,0.436166666666667,0.148166666666667,5.1,12.95,1.45,2141061.5
C,35.8,0.5298,0.0,3.88,9.72,1.14,5740487.6
PG,8.5,0.3605,0.31475,2.65,11.6,5.275,2826613.75
SF,3.0,0.342,0.0,3.7,6.6,2.2,1138500.0
PG,24.2857142857143,0.396,0.371,2.24285714285714,14.2,5.85714285714286,2591187.14285714
PF,0.0,0.431,0.0,7.3,10.0,5.4,550087.0
C,13.6666666666667,0.532333333333333,0.0,4.33333333333333,10.0,2.73333333333333,1522500.0
SF,21.0,0.47475,0.403,2.8,16.425,1.625,1755278.25
SF,5.75,0.3825,0.36975,3.425,11.525,1.275,1571901.0
PF,1.0,0.214,0.0,4.5,5.6,0.6,507336.0
C,1.0,0.467,0.0,5.5,11.4,1.7,9183333.0
SF,2.0,0.4745,0.212666666666667,5.63333333333333,9.98333333333333,1.7,1550702.83333333
PG,5.5,0.374833333333333,0.227166666666667,4.73333333333333,13.4166666666667,4.51666666666667,3837380.0
SG,6.66666666666667,0.456111111111111,0.383666666666667,3.11111111111111,18.4777777777778,3.42222222222222,4254230.88888889
PG,7.66666666666667,0.413555555555556,0.343777777777778,2.95555555555556,15.4666666666667,6.28888888888889,2318162.22222222
C,41.8888888888889,0.434222222222222,0.343666666666667,2.92222222222222,17.9333333333333,1.56666666666667,8017390.11111111
SF,62.3333333333333,0.44,0.370333333333333,2.43333333333333,12.6666666666667,1.8,2923960.0
SF,30.3333333333333,0.448555555555556,0.335444444444444,3.83333333333333,13.0555555555556,2.76666666666667,1982746.0
PG,0.0,0.5,0.0,5.0,9.9,8.7,744551.0
C,3.57142857142857,0.355714285714286,0.0824285714285714,7.65714285714286,11.0428571428571,0.828571428571429,422437.571428571
SG,8.75,0.45375,0.41125,2.35,12.35,3.325,4315910.0
SG,0.0,0.385,0.375,2.6,9.1,2.7,1800000.0
SG,1.66666666666667,0.408,0.237333333333333,2.6,13.9333333333333,2.8,751371.666666667
SF,0.0,0.405,0.143,4.3,10.0,2.0,398762.0
PF,28.3,0.4717,0.0614,3.06,13.7,1.13,3425985.0
PF,1.33333333333333,0.622666666666667,0.143,6.43333333333333,12.5666666666667,1.2,1615803.66666667
PF,1.5,0.4625,0.0,6.95,8.1,1.15,531485.5
SF,56.3333333333333,0.423222222222222,0.381888888888889,2.52222222222222,8.88888888888889,2.06666666666667,5139166.66666667
C,27.0,0.446166666666667,0.189833333333333,4.26666666666667,9.18333333333333,1.06666666666667,4281393.66666667
SF,61.1428571428571,0.451285714285714,0.367285714285714,2.41428571428571,13.1571428571429,3.12857142857143,5631753.57142857
PG,9.0,0.410285714285714,0.336,3.72857142857143,14.9142857142857,5.11428571428571,2658074.28571429
C,7.0,0.500666666666667,0.0833333333333333,5.56666666666667,12.5333333333333,1.63333333333333,1089014.0
SG,8.33333333333333,0.408666666666667,0.331333333333333,3.7,14.3666666666667,2.9,1087492.0
SG,59.3333333333333,0.418666666666667,0.399,2.26666666666667,16.7666666666667,3.2,4319280.0
SF,28.5714285714286,0.450714285714286,0.337285714285714,3.42857142857143,18.4142857142857,1.94285714285714,4675748.85714286
PG,13.5,0.43275,0.3225,4.1,16.05,4.675,1423893.25
SG,26.125,0.424,0.389875,2.475,14.825,2.575,2209848.0
SG,22.8333333333333,0.3885,0.355,2.9,11.3666666666667,3.21666666666667,2647428.5
SG,57.0,0.440142857142857,0.409142857142857,2.98571428571429,12.2857142857143,2.24285714285714,4284285.71428571
SF,0.5,0.6,0.1795,3.75,15.8,2.7,3988180.5
PF,0.0,0.0,0.0,0.0,0.0,0.0,64843.0
PF,1.5,0.3885,0.2745,4.25,11.9,1.4,5444100.0
PG,36.6666666666667,0.405,0.364,3.86666666666667,11.7,4.33333333333333,661830.666666667
C,0.0,0.5,0.0,0.0,24.0,12.0,29843.0
PG,62.7142857142857,0.401571428571429,0.379714285714286,2.3,14.0,5.18571428571429,9374024.0
C,34.4444444444444,0.627888888888889,0.0,5.47777777777778,8.04444444444444,1.31111111111111,6720112.88888889
SG,55.7777777777778,0.402888888888889,0.379777777777778,2.25555555555556,17.0666666666667,6.16666666666667,8808244.44444444
C,34.0,0.51725,0.0,3.775,7.7,0.525,3182319.5
C,39.0,0.575,0.0,4.8,11.4,1.3,507336.0
PF,29.8333333333333,0.5175,0.0,5.46666666666667,14.2166666666667,1.65,1125984.5
PG,33.0,0.4009,0.3825,2.22,9.5,5.94,3383700.0
PG,0.0,0.3,0.2,2.0,5.4,3.7,412718.0
PF,21.2222222222222,0.451222222222222,0.229444444444444,4.38888888888889,15.4666666666667,2.21111111111111,3472796.22222222
PG,31.8,0.4364,0.3108,2.9,14.56,5.7,3917893.2
C,45.5,0.466,0.27075,3.4,14.075,1.05,7304749.0
SG,28.0,0.406125,0.36475,3.1875,9.175,1.9125,2160503.875
SF,28.0,0.453,0.355,2.0,13.6,1.3,3278000.0
C,56.4,0.5279,0.12,3.81,12.53,2.78,9326528.3
PF,11.0,0.4498,0.4082,3.29,12.36,1.54,2824387.0
PF,22.0,0.5218,0.169,3.6,11.72,1.46,2247116.0
PF,22.0,0.545,0.0,3.95,10.85,0.925,1364022.0
C,0.75,0.43225,0.25,6.4,6.9,1.2,4326708.0
PF,59.5,0.5183,0.0,3.57,19.25,2.65,13422909.9
C,68.4,0.4994,0.2876,2.32,20.4,2.09,13800811.3
SF,63.75,0.41675,0.414,2.65,6.95,1.4,3812500.0
SF,6.5,0.59175,0.034,6.0,9.2,1.05,821464.5
PG,4.8,0.411,0.3516,1.58,15.46,5.6,1755386.6
SG,5.0,0.282,0.154,5.8,4.7,1.6,412718.0
PF,0.5,0.2615,0.1665,2.9,8.85,2.2,1355940.0
SG,42.6,0.422,0.2942,3.18,13.82,2.24,2855176.6
PF,1.0,0.405,0.2,3.8,6.6,1.7,819550.0
C,42.3,0.4903,0.1333,3.51,15.09,1.9,12853949.5
SF,34.5714285714286,0.426,0.294428571428571,3.31428571428571,13.9571428571429,2.5,3383180.0
SF,38.0,0.44275,0.20775,1.6375,10.6375,2.4375,2452281.125
C,34.25,0.444,0.08325,6.05,11.1,0.725,2339393.0
PF,3.33333333333333,0.459333333333333,0.0,5.86666666666667,6.96666666666667,1.2,819196.0
PG,26.0,0.414142857142857,0.362571428571429,3.27142857142857,16.5714285714286,5.12857142857143,1996121.57142857
SG,16.3333333333333,0.449,0.368666666666667,2.86666666666667,16.4,2.9,1171160.0
PF,0.333333333333333,0.403666666666667,0.0,5.4,9.5,0.733333333333333,353672.0
PG,0.0,0.371,0.265,2.9,14.9,6.1,736420.0
SG,25.0,0.3908,0.3278,2.98,13.32,2.68,1372583.2
PG,5.5,0.347,0.253,4.0,6.9,5.8,325642.5
SF,6.0,0.515333333333333,0.345333333333333,3.23333333333333,12.4,1.7,691390.666666667
SG,5.0,0.412,0.371,2.1,14.4,2.5,44765.0
C,23.375,0.51975,0.0,4.3,9.375,1.4125,5470099.875
PG,7.0,0.426,0.214,3.2,8.0,5.9,283367.0
SG,29.0,0.362,0.266,2.6,10.0,1.8,507336.0
PF,61.0,0.434,0.0,3.95,10.5,1.3,8280000.0
SG,7.25,0.407,0.28425,3.1,14.65,2.2,2189122.625
PG,0.0,0.389,0.385,3.2,7.9,5.1,1029873.0
SG,65.3,0.4437,0.3163,2.2,25.57,5.17,22930682.2
SF,10.5,0.4035,0.305,4.125,8.275,2.35,4654501.25
SF,8.0,0.424833333333333,0.355166666666667,2.2,14.7333333333333,1.98333333333333,2162994.66666667
SF,1.0,0.349,0.3135,2.2,8.9,1.0,1174860.0
C,0.0,0.425,0.2795,5.35,13.95,1.4,780000.0
PG,55.5,0.374,0.324,2.1,14.75,5.75,2493660.0
SG,9.75,0.42725,0.356,3.125,15.875,2.95,2357049.0
PG,1.0,0.354,0.167,2.8,7.1,4.8,641748.0
PG,1.0,0.25,0.185,6.7,7.4,5.1,398762.0
SF,49.5555555555556,0.435444444444445,0.356555555555556,2.65555555555556,16.2333333333333,2.56666666666667,7381171.88888889
C,1.0,0.5005,0.0,5.9,14.25,1.45,1299381.0
SG,38.0,0.43275,0.306,1.65,13.4,2.175,1310027.0
SF,27.625,0.382375,0.3505,2.3375,11.9375,1.2625,2533468.125
PG,0.0,0.45,0.636,0.9,15.2,4.1,48028.0
C,39.875,0.5345,0.025,3.6625,15.275,1.6625,6998407.25
SG,4.14285714285714,0.421285714285714,0.225142857142857,3.92857142857143,15.5571428571429,6.82857142857143,2448247.57142857
PF,0.0,0.385,0.25,6.2,14.2,1.4,1404360.0
SF,0.0,0.333,0.667,4.7,15.7,0.0,1458360.0
SG,0.0,0.421,0.256,4.3,10.4,6.3,816482.0
PG,47.4,0.4701,0.379,2.18,12.47,8.23,6636830.9
SG,61.5,0.3985,0.332,2.75,12.6,1.4,2712780.0
PF,52.2857142857143,0.437857142857143,0.148714285714286,3.11428571428571,9.61428571428572,2.71428571428571,9538202.85714286
PG,21.0,0.386,0.37,3.2,16.6,3.8,816482.0
C,0.0,0.483,0.0,5.6,12.8,0.8,1189200.0
C,0.0,0.485,0.0,7.9,13.6,1.2,473604.0
SF,1.42857142857143,0.386857142857143,0.358857142857143,5.47142857142857,9.11428571428571,2.71428571428571,4628237.42857143
SF,9.6,0.4204,0.353,3.3,13.84,1.1,1230068.2
SF,35.75,0.4215,0.18925,3.45,10.925,2.1,1773770.0
SG,10.5,0.34775,0.281625,3.7125,11.6,2.1375,3648500.0
PG,14.5,0.407333333333333,0.2865,3.43333333333333,8.61666666666667,6.43333333333333,1193678.83333333
PG,66.5,0.4005,0.2495,3.0,16.8,7.0,2250480.0
SG,49.4,0.4228,0.3628,3.23,18.82,3.73,12207088.7
PG,46.3333333333333,0.433,0.321666666666667,3.03333333333333,18.0,6.53333333333333,6625000.0
SF,19.1666666666667,0.427666666666667,0.355666666666667,2.75,13.5333333333333,2.05,1342006.16666667
C,0.0,0.3735,0.0,4.7,9.45,0.2,4855612.5
PG,54.7142857142857,0.422,0.36,3.48571428571429,11.4285714285714,4.88571428571429,2618269.85714286
C,60.6,0.6181,0.0,3.59,10.84,0.95,11961145.1
SF,48.1428571428571,0.443714285714286,0.335428571428571,3.51428571428571,15.8857142857143,1.97142857142857,3526219.0
SF,0.0,0.389,0.0,3.1,7.4,1.5,1760000.0
PG,0.0,0.263,0.222,5.2,7.8,4.2,25000.0
SF,4.33333333333333,0.493833333333333,0.293333333333333,2.26666666666667,10.35,2.05,4841673.83333333
SG,3.5,0.32,0.0835,3.35,5.4,3.1,4966535.5
PF,9.0,0.391166666666667,0.2265,3.46666666666667,11.25,1.26666666666667,1729598.66666667
SG,0.0,0.345,0.333,3.7,10.7,2.3,816482.0
PG,38.0,0.448,0.314,2.7,17.1,5.0,507336.0
SF,5.33333333333333,0.415666666666667,0.333,4.03333333333333,9.63333333333333,1.56666666666667,1333333.33333333
PG,11.3333333333333,0.342,0.161333333333333,3.36666666666667,11.6666666666667,6.5,5404121.33333333
PG,0.0,0.352,0.25,4.7,11.4,6.6,305784.0
PG,9.25,0.41,0.32275,3.05,10.85,4.225,1321471.5
PG,49.8333333333333,0.464166666666667,0.365833333333333,2.01666666666667,15.2,6.05,2183354.66666667
C,12.0,0.411833333333333,0.0,5.71666666666667,6.4,1.46666666666667,1762559.0
C,30.375,0.385125,0.15625,5.85,4.5625,1.05,3604793.25
SG,5.66666666666667,0.358333333333333,0.254,3.36666666666667,9.2,4.1,1244980.66666667
PF,16.9,0.5417,0.0752,4.75,10.13,1.94,4694607.0
PG,0.0,0.28,0.2,1.1,9.3,4.4,473604.0
PG,69.0,0.441,0.37225,2.225,14.725,6.15,5827002.625
PG,0.0,0.15,0.0,3.4,3.9,3.5,66999.0
PF,10.2857142857143,0.393142857142857,0.355428571428571,5.24285714285714,14.7857142857143,1.41428571428571,2246514.85714286
SG,8.16666666666667,0.364166666666667,0.348333333333333,2.78333333333333,12.4833333333333,1.46666666666667,2168491.0
PF,0.0,0.409,0.0,9.5,11.2,0.4,187357.0
SF,8.33333333333333,0.436666666666667,0.383333333333333,4.3,18.1666666666667,1.9,2202868.0
PG,0.0,0.42,0.35,1.4,18.1,3.4,202200.0
C,65.6,0.4612,0.1484,4.52,22.0,3.04,5900276.8
SF,49.0,0.396,0.374,3.5,17.4,1.9,1150000.0
SG,9.0,0.412,0.353,3.9,8.9,2.1,862000.0
SG,19.6666666666667,0.414444444444444,0.346222222222222,1.8,19.0777777777778,3.85555555555556,6937222.22222222
SG,24.75,0.4035,0.3,2.25,17.7,4.525,1380964.75
SG,0.0,0.421,0.27,2.5,14.7,2.7,1285200.0
PF,7.0,0.4045,0.3415,3.3,13.0,2.425,4255256.5
SF,13.6666666666667,0.414333333333333,0.317333333333333,3.1,11.4333333333333,2.1,768202.0
PF,11.3333333333333,0.477,0.0295,3.33333333333333,10.7833333333333,1.15,1386954.16666667
SG,0.0,0.3575,0.405,5.7,16.95,2.5,1182360.0
C,29.8571428571429,0.575428571428572,0.142857142857143,7.37142857142857,16.1857142857143,0.357142857142857,6569451.28571429
PG,0.0,0.0,0.0,0.0,0.0,0.0,26917.0
PG,0.0,0.0,0.0,9.0,0.0,4.5,148028.0
PG,68.3333333333333,0.4735,0.442333333333333,2.76666666666667,21.2666666666667,7.05,5536186.16666667
C,58.1,0.5155,0.1,4.31,11.35,0.91,8614328.9
C,46.0,0.535,0.0475714285714286,4.21428571428571,7.5,1.15714285714286,7789927.28571429
PG,24.25,0.4345,0.28175,1.575,11.075,5.575,5600000.0
SF,14.25,0.443625,0.198625,2.7375,12.275,2.8,3928427.625
SG,0.0,0.37,0.364,3.6,16.0,2.0,816482.0
SF,1.0,0.483,0.45,2.6,18.1,1.6,1750000.0
SF,1.0,0.447,0.0,4.5,13.5,0.9,424944.0
PF,64.6666666666667,0.523333333333333,0.101666666666667,2.76666666666667,20.8333333333333,1.66666666666667,5375760.0
PG,54.7142857142857,0.402428571428571,0.310428571428571,3.08571428571429,16.8,8.18571428571429,13837454.4285714
C,4.0,0.4105,0.0,4.65,5.85,1.05,3500000.0
PF,13.5,0.556,0.0,4.025,11.8,1.275,2029286.0
PF,15.125,0.4495,0.13,4.2875,13.5375,1.5375,4295833.125
PF,0.0,0.328,0.154,5.85,10.25,1.9,253522.0
PF,0.5,0.425,0.0,4.175,13.675,4.55,377269.5
SF,34.75,0.41775,0.3745,2.575,13.025,3.65,4491850.0
SG,0.0,0.167,0.167,4.9,4.9,1.6,59686.0
C,0.0,0.583,0.0,5.5,13.8,0.0,38172.0
SF,4.83333333333333,0.3895,0.332666666666667,4.2,13.5833333333333,1.85,1750938.66666667
SF,4.5,0.427,0.359,3.45,11.85,5.05,1431500.0
C,15.0,0.562,0.0,6.0,9.2,0.4,816482.0
SF,23.7142857142857,0.402857142857143,0.36,2.65714285714286,12.7857142857143,2.67142857142857,2482159.57142857
SG,13.0,0.362,0.407,4.0,8.3,5.3,816482.0
SF,65.8,0.4571,0.3253,1.73,15.99,2.41,8909858.5
SG,71.8333333333333,0.445666666666667,0.2465,2.61666666666667,18.1666666666667,2.46666666666667,4950961.66666667
SG,14.0,0.3255,0.2715,4.45,8.0,1.95,730043.5
PF,46.5,0.4987,0.3416,2.8,11.79,4.68,6474720.1
SG,0.0,0.25,0.0,0.0,10.0,2.0,56065.0
PG,3.66666666666667,0.382333333333333,0.365,4.8,11.7333333333333,5.96666666666667,2973308.0
PF,0.0,0.333,0.0,3.0,6.0,3.0,264897.0
PG,4.2,0.3656,0.33,2.58,10.34,5.02,1184594.2
C,32.0,0.502,0.5835,3.95,12.15,2.05,1383060.0
PG,1.0,0.302,0.185,4.2,11.5,8.2,700000.0
PF,3.0,0.427833333333333,0.0833333333333333,4.76666666666667,15.8333333333333,0.683333333333333,1666223.83333333
C,11.0,0.426875,0.0625,4.6125,4.45,1.2625,4798375.0
PG,13.5,0.4165,0.3705,3.2,14.425,3.875,2149599.5
C,3.66666666666667,0.444333333333333,0.0,5.2,9.26666666666667,0.966666666666667,2880000.0
PG,7.5,0.42875,0.357,3.075,13.175,3.8625,2813322.625
PF,6.5,0.50675,0.0,4.775,9.225,2.425,875013.0
PG,0.0,0.385666666666667,0.296,2.86666666666667,13.4,2.23333333333333,1333960.0
SG,10.6,0.3858,0.1956,2.88,11.3,2.16,604187.0
SG,7.83333333333333,0.393,0.325833333333333,3.73333333333333,13.4333333333333,4.18333333333333,1191622.33333333
PG,0.0,0.408,0.3,3.7,14.9,6.3,242374.0
SG,31.3333333333333,0.448333333333333,0.364833333333333,3.4,15.9833333333333,6.43333333333333,3769333.33333333
SG,1.0,0.367,0.214,2.9,13.4,2.4,1962103.0
PG,1.0,0.345,0.154,2.1,7.6,7.4,59686.0
C,57.6666666666667,0.581666666666667,0.166666666666667,4.03333333333333,15.0666666666667,0.733333333333333,2462360.0
SG,26.5,0.4675,0.3755,2.65,12.4875,2.25,2852253.5
PG,30.75,0.39625,0.355,2.0625,8.5875,5.975,3898600.0
C,74.4,0.5045,0.1265,2.38,19.62,3.42,16493555.9
SF,39.2222222222222,0.437333333333333,0.377666666666667,2.45555555555556,15.3888888888889,2.78888888888889,6230831.11111111
SF,0.0,0.3655,0.0,4.025,8.225,2.075,593785.75
SF,71.125,0.482875,0.37775,1.7875,25.8625,3.4,11063787.0
SF,7.0,0.355,0.262,3.2,11.7,2.0,507336.0
SF,5.0,0.385666666666667,0.224333333333333,2.9,13.2,1.16666666666667,763396.0
C,4.0,0.484,0.0,9.2,8.5,0.6,1000000.0
PG,0.0,0.33,0.31,3.1,9.2,6.3,5926984.0
SG,11.8333333333333,0.417833333333333,0.383666666666667,2.18333333333333,12.95,1.93333333333333,1659767.66666667
SG,59.9,0.4517,0.3062,2.47,19.04,4.64,7324358.1
C,17.7142857142857,0.438285714285714,0.0642857142857143,4.02857142857143,7.58571428571429,1.45714285714286,1653071.71428571
C,7.25,0.4795,0.0,4.85,10.725,1.6,1379483.0
SF,0.0,0.571,0.0,1.6,10.4,0.8,61433.0
SG,0.0,0.375,0.28,4.1,10.5,2.3,473604.0
SF,3.0,0.409,0.326,3.0,10.7,1.6,507336.0
PG,1.0,0.361,0.279,3.2,10.6,6.4,1590720.0
C,8.5,0.543,0.0,6.4,10.3,1.1,617899.5
SF,1.4,0.5994,0.08,4.14,12.16,1.8,1297159.8
SF,16.0,0.437285714285714,0.365571428571429,3.27142857142857,12.3571428571429,1.34285714285714,1940452.28571429
PF,20.6,0.4664,0.1,4.54,8.19,1.09,3041616.0
SG,57.5,0.446833333333333,0.2685,2.53333333333333,17.9666666666667,5.55,6326327.5
PG,4.0,0.392,0.3,3.15,9.2,3.85,557104.5
PG,41.0,0.349,0.314,2.9,7.8,3.9,3615000.0
SF,9.0,0.3325,0.304,2.75,8.75,1.55,1059240.0
C,24.0,0.4925,0.0,5.25,10.25,0.65,1066920.0
PF,66.75,0.5475,0.03125,3.625,16.4,1.375,1555232.0
PG,3.75,0.421125,0.376125,2.675,14.1375,5.325,1988732.625
SG,0.0,0.3095,0.25,3.15,11.65,5.7,179556.0
PF,38.2,0.509,0.0334,4.36,15.32,1.36,6434297.8
PF,0.0,0.561,0.0,3.3,14.3,1.5,427163.0
PG,62.3333333333333,0.41,0.323888888888889,2.33333333333333,13.4888888888889,6.47777777777778,4144863.44444444
SG,2.5,0.40325,0.354,2.175,13.525,3.425,1419130.75
C,1.75,0.48625,0.0,7.975,9.55,1.15,879375.0
SF,35.2,0.461,0.2584,2.0,9.18,2.44,3997159.8
SF,35.8,0.423,0.3858,1.54,12.86,2.0,12868049.8
SG,58.5,0.397875,0.369625,3.2375,11.6375,3.8125,5031038.375
PG,1.0,0.337,0.269,4.2,12.7,5.0,359858.0
PG,30.0,0.377666666666667,0.320666666666667,1.86666666666667,12.7666666666667,6.83333333333333,3192000.0
C,0.0,0.333,0.0,4.6,3.7,0.0,225341.0
SG,6.5,0.4335,0.3385,3.15,15.45,2.45,986802.0
PF,0.0,0.667,0.0,19.4,11.1,0.0,116711.0
PG,35.8571428571429,0.435142857142857,0.267142857142857,3.15714285714286,14.2857142857143,7.47142857142857,5625549.14285714
PG,0.0,0.344,0.231,1.9,13.3,3.8,42009.0
C,3.5,0.5145,0.0,9.3,10.2,0.25,6402330.0
C,23.4285714285714,0.504142857142857,0.183714285714286,5.01428571428571,7.72857142857143,1.88571428571429,5318928.57142857
SG,13.3333333333333,0.450666666666667,0.387,4.1,15.8,3.0,1422680.0
SG,42.7777777777778,0.405333333333333,0.371777777777778,2.97777777777778,15.0666666666667,4.02222222222222,3178489.0
C,19.5,0.5415,0.0,4.025,8.025,0.875,8414216.25
SG,1.0,0.38,0.3045,2.35,10.9,2.0,671533.5
PG,16.5,0.3705,0.3065,4.1,12.2,5.15,16285000.0
SG,0.0,0.5,0.5,11.1,8.3,8.3,183210.0
PG,3.0,0.344,0.294,3.9,8.6,9.0,110420.0
PG,1.75,0.4145,0.3605,2.525,16.15,3.825,2008150.75
C,3.0,0.457666666666667,0.0,5.06666666666667,9.53333333333333,1.23333333333333,2975000.0
PF,0.0,0.296,0.136,3.2,9.8,1.7,145961.0
PF,43.4444444444444,0.438222222222222,0.341222222222222,4.32222222222222,14.0333333333333,1.52222222222222,4168262.77777778
C,8.8,0.4722,0.0,6.4,11.62,1.16,5750530.0
C,0.0,0.0,0.0,0.0,0.0,0.0,92396.0
PG,0.0,0.5,0.0,0.7,8.7,2.0,1556160.0
SG,4.0,0.413,0.282333333333333,2.8,14.7,5.73333333333333,483618.0
SF,42.8,0.4208,0.3762,2.68,16.8,2.2,6089318.4
PG,41.0,0.399,0.352,3.2,13.2,3.7,235762.0
PF,30.0,0.37,0.3585,1.35,10.7,1.95,3875000.0
SF,13.0,0.409444444444444,0.339111111111111,3.72222222222222,12.2777777777778,2.27777777777778,2771560.0
SG,0.0,0.3205,0.212,2.35,12.8,0.75,406484.0
PF,64.9,0.5028,0.1732,2.87,17.39,3.2,17995897.8
PG,0.0,0.327,0.2,1.2,9.7,7.5,473604.0
PF,0.0,0.356333333333333,0.316,4.43333333333333,9.46666666666667,1.63333333333333,3525000.0
C,72.8571428571429,0.511571428571428,0.134428571428571,3.3,15.0571428571429,3.2,9616728.14285714
PF,67.8,0.5148,0.2899,2.16,18.35,3.53,15060100.0
SF,68.3333333333333,0.450444444444444,0.345333333333333,2.5,18.5333333333333,2.35555555555556,10312948.3333333
SF,34.6,0.4326,0.3336,3.06,11.58,1.68,1869853.0
SF,9.0,0.473,0.324666666666667,2.7,10.8,1.9,683766.0
SF,9.4,0.3928,0.3338,3.74,9.72,1.26,2508794.0
SF,48.8,0.4206,0.3634,3.34,17.5,2.92,5285280.6
PG,11.0,0.400571428571429,0.408714285714286,3.12857142857143,11.6285714285714,2.94285714285714,3157167.71428571
PF,19.8333333333333,0.486833333333333,0.0208333333333333,3.86666666666667,13.3666666666667,1.33333333333333,3509828.5
SF,0.5,0.567,0.0,4.45,14.2,1.0,993000.0
SF,0.0,1.0,0.0,0.0,14.4,0.0,26917.0
PG,0.333333333333333,0.425333333333333,0.434666666666667,5.46666666666667,11.3,5.93333333333333,452751.0
SG,23.2,0.456,0.3695,2.77,20.04,5.87,9883961.5
SG,14.0,0.445,0.365,3.53333333333333,14.4333333333333,2.33333333333333,4000000.0
PF,7.0,0.424,0.0,4.6,8.0,0.7,248263.0
C,4.0,0.471,0.0,8.4,7.6,0.4,161061.0
C,18.5,0.545,0.0,3.8,10.0,1.2,1103100.0
PG,0.0,0.143,0.0,0.0,3.3,3.3,74652.0
SF,46.375,0.425,0.283375,2.8875,11.5,1.6875,2320942.5
PF,40.375,0.437125,0.191375,3.7,14.8375,1.75,6389676.5
SG,1.0,0.424,0.216,3.35,14.3,2.2,1088340.0
PF,8.0,0.447,0.271,3.7,11.0,1.5,3992040.0
SG,26.6,0.4252,0.3844,2.89,18.25,3.2,8125869.9
PF,0.0,0.421,0.0,3.5,8.6,1.0,40000.0
SG,50.5714285714286,0.436285714285714,0.362428571428571,2.12857142857143,18.3857142857143,3.61428571428571,7877496.57142857
C,38.25,0.5395,0.28125,3.3375,13.7875,1.2375,5690832.75
SG,0.0,0.391,0.373,2.7,15.0,1.7,473604.0
SF,14.0,0.477666666666667,0.322,4.76666666666667,13.2833333333333,1.23333333333333,1467364.16666667
SG,7.16666666666667,0.4525,0.305666666666667,4.71666666666667,13.6166666666667,1.53333333333333,630379.0
SF,43.1,0.4148,0.3534,3.18,17.56,1.95,6866032.5
C,2.0,0.415,0.0,6.5,8.9,1.0,16006220.0
SF,11.0,0.352,0.314,3.8,10.7,2.1,884879.0
C,12.4285714285714,0.508571428571429,0.0,6.37142857142857,9.92857142857143,2.0,1561984.57142857
SG,42.8333333333333,0.438166666666667,0.389833333333333,2.46666666666667,14.1166666666667,1.91666666666667,2115605.16666667
SG,0.0,0.214,0.0,3.5,6.7,1.9,398762.0
PF,20.5,0.39425,0.29175,3.15,12.675,1.55,1286974.0
PF,30.6666666666667,0.392333333333333,0.293,4.56666666666667,10.4,3.0,880247.666666667
PG,1.0,0.377,0.298,2.3,12.8,3.4,507336.0
SG,12.75,0.4235,0.352,3.7625,17.725,1.9,1989119.5
PF,1.0,0.574,0.0,5.5,13.6,0.9,59686.0
SF,63.5,0.439166666666667,0.342666666666667,2.6,15.95,1.86666666666667,6109633.33333333
SG,1.66666666666667,0.422,0.135666666666667,3.56666666666667,12.6333333333333,4.7,371679.0
SG,30.4444444444444,0.430666666666667,0.353,3.01111111111111,14.2555555555556,2.35555555555556,2498474.33333333
SG,0.0,0.433,0.346,2.7,13.9,4.4,664209.0
SF,23.0,0.4765,0.0,4.05,7.65,3.1,1121859.0
PF,75.0,0.5246,0.2538,3.14,21.72,4.04,10486272.8
PF,13.5,0.305,0.0975,3.2,7.75,1.35,2600000.0
SF,0.0,0.4,0.0,4.5,11.3,1.1,457588.0
PG,1.0,0.537,0.0,5.1,10.9,4.5,59686.0
C,0.0,0.4714,0.0,7.0,12.28,1.54,1480000.0
SG,0.0,0.508,0.091,3.85,11.4,2.4,543755.5
SG,2.0,0.323,0.301,3.2,13.3,1.1,1149720.0
SF,0.0,0.476,0.6,4.1,20.5,0.0,825497.0
SF,0.0,0.25,0.0,2.8,5.5,2.8,135895.0
SF,4.25,0.41025,0.3905,2.7,15.1,2.2,886889.25
C,14.0,0.478,0.323,3.5,11.1,1.8,816482.0
SG,54.5,0.451125,0.3705,2.7375,18.5875,4.1625,10656250.0
C,0.0,0.5,0.0,3.7,19.1,0.0,329138.0
PG,0.0,0.333,0.261,4.1,10.3,3.8,473604.0
PF,8.33333333333333,0.442833333333333,0.0238333333333333,4.4,14.3833333333333,0.983333333333333,2593382.33333333
PF,0.5,0.3685,0.24,3.55,10.15,1.3,617899.5
SF,4.0,0.3265,0.2105,3.1,5.8,3.95,8035071.0
SG,15.5,0.4085,0.3525,2.65,16.5,2.0,1223700.0
SG,39.8333333333333,0.444,0.3705,2.86666666666667,21.0833333333333,4.66666666666667,7868991.83333333
SF,34.6666666666667,0.441333333333333,0.278666666666667,2.9,10.2333333333333,1.23333333333333,1809880.0
PF,0.0,0.29,0.154,2.1,8.6,0.9,473604.0
SG,9.0,0.48175,0.223,4.375,15.875,1.8,5880000.0
C,1.33333333333333,0.443333333333333,0.308666666666667,4.26666666666667,11.0,0.8,570698.0
PF,32.0,0.425111111111111,0.350777777777778,4.14444444444444,18.0555555555556,2.17777777777778,7323739.66666667
C,6.33333333333333,0.516333333333333,0.0,8.0,12.8666666666667,0.766666666666667,1197785.33333333
PG,42.6,0.4366,0.3103,3.06,15.99,6.29,5824584.2
SG,6.0,0.304,0.204,3.6,9.4,1.5,1519200.0
SG,1.0,0.4,0.369,4.5,9.9,1.9,884879.0
PG,8.0,0.416,0.269,5.2,10.1,5.9,390556.0
SG,10.0,0.387,0.3515,2.35,13.05,2.85,298273.0
PF,0.0,0.367,0.0,5.2,10.9,1.1,64978.0
C,7.66666666666667,0.456666666666667,0.0,7.03333333333333,12.0666666666667,1.2,2692000.0
SG,0.5,0.2485,0.1025,4.15,6.5,2.65,330130.0
SF,36.0,0.465666666666667,0.293,2.73333333333333,16.9,1.73333333333333,1781531.33333333
PG,4.8,0.3952,0.1772,4.44,8.28,5.48,1753604.8
PF,39.4,0.4883,0.02,3.54,10.46,1.13,4866200.0
SF,40.6,0.4474,0.2032,3.08,7.64,2.28,4350000.0
PF,45.125,0.4575,0.301875,4.125,13.575,2.8,4234063.0
C,27.1111111111111,0.472444444444444,0.0,4.56666666666667,6.78888888888889,2.41111111111111,3409328.77777778
SF,10.2,0.4256,0.3638,3.28,13.4,1.58,1949601.4
SF,51.0,0.4468,0.3804,2.18,15.8,3.82,5159436.6
SF,0.0,0.299666666666667,0.189666666666667,3.96666666666667,11.5666666666667,2.3,1124324.33333333
C,39.0,0.514666666666667,0.0,3.88888888888889,10.3111111111111,0.877777777777778,6431687.55555556
PG,15.6,0.4248,0.3792,2.34,13.56,3.54,1004792.2
PF,4.0,0.579,0.0,4.6,9.4,0.8,1158424.0
SG,48.6666666666667,0.431,0.274666666666667,2.41666666666667,15.1166666666667,2.51666666666667,3568807.83333333
SF,4.5,0.3605,0.2235,3.175,10.55,1.225,1899260.0
C,14.3333333333333,0.528666666666667,0.0,3.9,15.1333333333333,1.73333333333333,1905320.0
SF,4.0,0.437333333333333,0.372,2.56666666666667,14.8666666666667,1.33333333333333,1914666.66666667
C,70.2857142857143,0.465285714285714,0.164285714285714,4.68571428571429,15.5857142857143,2.0,7169166.0
C,42.5714285714286,0.505571428571429,0.0,3.17142857142857,14.8,1.28571428571429,3024841.0
SG,0.0,0.3205,0.2,4.5,14.3,4.35,259219.5
PF,45.3,0.4815,0.08,4.84,14.3,2.26,10343988.9
PG,36.0,0.448285714285714,0.366142857142857,2.92857142857143,14.5857142857143,4.27142857142857,4190200.0
SF,53.0,0.47875,0.3025,2.6625,14.35,2.7625,6400143.75
C,18.1666666666667,0.497666666666667,0.0455,4.41666666666667,14.65,1.23333333333333,4034114.5
SF,39.0,0.4105,0.3155,2.85,9.25,2.35,1274760.0
PF,0.0,1.0,0.0,0.0,36.0,0.0,148238.0
SG,51.5555555555556,0.409222222222222,0.371777777777778,3.32222222222222,12.1,5.32222222222222,6142945.33333333
SG,0.0,0.317,0.217,2.1,13.5,2.1,412718.0
SG,0.0,0.154,0.0,0.9,3.7,5.5,245884.0
SG,0.5,0.4425,0.0,5.45,11.25,6.55,1191780.0
SF,0.0,1.0,0.0,6.5,6.5,0.0,52033.0
PG,57.8333333333333,0.440666666666667,0.3785,2.63333333333333,14.8833333333333,6.8,4446078.5
SG,4.0,0.387,0.321,3.0,13.9,2.6,816482.0
C,7.11111111111111,0.586333333333333,0.0,6.33333333333333,11.1666666666667,0.766666666666666,1405059.0
SF,0.0,0.303,0.1665,1.75,8.6,2.6,792437.5
SG,21.0,0.414,0.365,4.0,14.7,2.8,1290360.0
C,61.5,0.541625,0.33375,2.575,15.4125,2.825,8190627.125
PF,0.0,0.25,0.0,1.6,8.2,0.0,91642.0
PF,5.33333333333333,0.354,0.320333333333333,3.43333333333333,8.43333333333333,2.6,3315000.0
SG,0.8,0.4206,0.4088,2.62,16.46,2.88,1547598.2
C,72.6,0.5845,0.1453,3.38,18.9,1.59,14054650.3
SF,37.25,0.425125,0.31775,3.025,16.775,1.8,4850717.25
PF,24.1666666666667,0.4235,0.0,4.06666666666667,9.73333333333333,1.68333333333333,4066385.66666667
SG,0.0,0.358333333333333,0.36,3.6,12.1333333333333,5.06666666666667,213850.666666667
PG,2.0,0.35,0.359666666666667,1.83333333333333,13.1,4.33333333333333,6009530.0
PG,28.75,0.34775,0.28825,2.775,11.825,3.475,9444405.75
SF,4.0,0.459,0.314,4.2,9.6,1.3,880000.0
PF,17.8,0.4625,0.0,3.95,13.56,1.34,5171883.3
C,9.0,0.502,0.0,6.1,12.4,1.7,632455.0
PG,0.2,0.319,0.2508,3.9,8.94,4.8,1741985.6
SF,0.0,0.4415,0.0,4.9,10.3,0.2,374839.0
C,19.5,0.52725,0.0,3.675,11.375,0.275,3192000.0
PF,55.8333333333333,0.534333333333333,0.323833333333333,3.78333333333333,14.2,0.65,5077610.33333333
SF,67.6,0.4615,0.3361,1.83,13.96,4.84,9656795.5
C,58.5,0.481333333333333,0.143833333333333,4.51666666666667,15.4333333333333,1.43333333333333,8676620.5
C,0.0,0.0,0.0,6.0,0.0,0.0,800000.0
PF,36.7142857142857,0.442428571428571,0.367,3.94285714285714,16.0142857142857,1.65714285714286,4475101.28571429
SF,32.0,0.415,0.356,2.7,8.5,3.9,507336.0
PG,64.0,0.45475,0.39075,2.35,21.975,5.975,5838082.5
SG,77.0,0.4525,0.334,1.25,25.2,6.2,17732812.5
SG,13.625,0.405375,0.3725,4.075,9.4,2.35,967558.5
PG,32.8888888888889,0.446444444444444,0.342222222222222,2.37777777777778,14.0555555555556,5.71111111111111,3657402.55555556
PG,9.0,0.391333333333333,0.340333333333333,2.73333333333333,15.1,3.76666666666667,5040629.33333333
PG,0.0,0.3,0.167,3.4,9.7,6.8,53834.0
PF,1.33333333333333,0.405666666666667,0.174333333333333,5.66666666666667,9.6,0.966666666666667,680269.666666667
PG,2.0,0.423,0.25,3.4,6.2,4.5,1355067.0
SF,1.0,0.294,0.243,3.6,8.5,2.5,2640000.0
SF,1.0,0.369333333333333,0.331333333333333,3.6,12.0,3.0,1455518.66666667
PF,17.5,0.441,0.25,3.75,14.4,1.75,4712500.0
PG,19.0,0.41325,0.26975,2.525,14.5,5.5,1466032.5
SF,50.0,0.398,0.323666666666667,2.55,16.2333333333333,3.71666666666667,7858250.0
SG,0.0,0.339,0.222,2.2,7.0,1.3,826269.0
C,4.33333333333333,0.479,0.0,4.93333333333333,9.06666666666667,0.7,725906.333333333
SF,5.33333333333333,0.272666666666667,0.0,2.26666666666667,5.66666666666667,0.8,816552.666666667
C,5.0,0.564,0.0,6.5,18.125,0.375,5600000.0
SF,75.1,0.5093,0.3477,1.71,25.94,6.5,14146103.3
PG,31.1428571428571,0.386142857142857,0.403714285714286,3.3,14.3857142857143,5.24285714285714,4005837.14285714
PF,53.6666666666667,0.429555555555556,0.337222222222222,2.72222222222222,18.0888888888889,1.56666666666667,10895173.6666667
SG,29.5,0.3945,0.358,3.475,9.25,4.475,5787500.0
PG,15.0,0.396,0.364,2.5,12.6,5.2,4000000.0
C,1.0,0.3455,0.0,5.4,7.3,1.05,589267.0
C,63.0,0.498,0.0968,3.07,19.64,1.79,9777871.2
PF,1.0,0.449,0.133,4.1,12.4,1.1,507336.0
SF,58.7,0.4561,0.3759,2.65,15.13,2.3,10134049.0
PF,26.8571428571429,0.401,0.153285714285714,4.41428571428571,6.82857142857143,1.91428571428571,4131226.42857143
PG,28.0,0.447,0.15,3.4,12.0,6.9,473604.0
SG,1.66666666666667,0.440666666666667,0.336666666666667,1.93333333333333,13.4666666666667,2.1,1258760.0
PG,68.1666666666667,0.392,0.350166666666667,2.1,17.7833333333333,6.63333333333333,4304726.0
PF,17.6,0.463,0.3442,3.88,13.4,1.54,3691517.6
PF,0.0,0.269,0.067,7.8,11.3,2.1,816481.0
PG,1.0,0.409,0.2,2.3,10.7,6.8,473604.0
PF,32.6,0.4004,0.3052,3.76,12.96,1.08,2767187.2
PF,12.5,0.513,0.0,5.85,12.05,0.85,550087.0
PF,30.8,0.5855,0.2168,5.48,12.59,1.64,4206297.0
PG,26.8,0.4278,0.3694,2.78,10.64,5.64,2398000.0
PG,0.0,0.46,0.375,3.3,13.95,4.5,617899.5
PG,0.0,0.314,0.267,3.3,8.2,6.7,168035.0
C,0.333333333333333,0.519,0.0,6.16666666666667,11.5666666666667,0.733333333333333,457953.666666667
SF,1.0,0.4215,0.314,2.4,10.8,0.85,167930.5
SG,0.0,0.0,0.0,0.0,0.0,6.0,192228.0
SF,9.33333333333333,0.418666666666667,0.299666666666667,3.96666666666667,15.7666666666667,1.63333333333333,581025.333333333
C,0.0,0.412,0.0,10.2,6.7,0.9,1138500.0
PF,2.5,0.5165,0.205,4.55,14.7,1.4,717899.5
PF,20.8,0.472,0.2378,4.5,12.62,2.78,2090561.2
PF,0.0,0.446,0.0,3.0,13.8,0.7,1042320.0
SG,73.9,0.446,0.3667,1.71,18.43,4.34,16620511.3
PF,1.75,0.434,0.38175,5.025,9.925,1.375,475007.75
SG,0.0,0.347,0.238,4.7,10.2,1.5,507336.0
SG,0.0,0.3595,0.287,2.7,10.5,2.25,669436.0
SG,0.0,0.182,0.1665,7.45,11.65,2.1,138464.0
SG,2.0,0.419,0.375,2.5,11.3,2.5,507336.0
SF,53.8,0.4082,0.3426,2.72,12.12,1.86,2783084.6
SF,5.0,0.462,0.111,6.3,11.8,1.7,412718.0
PG,2.5,0.37825,0.393,1.65,11.1,2.875,4026824.0
SF,16.6666666666667,0.419444444444444,0.279,4.64444444444444,11.9333333333333,1.83333333333333,1753038.88888889
SF,17.0,0.436,0.257,2.5,10.4,0.7,473504.0
PG,1.33333333333333,0.358333333333333,0.0786666666666667,2.93333333333333,11.8,6.5,1193320.0
PF,0.0,0.37575,0.0,5.675,6.5,0.4,470098.25
SG,49.6666666666667,0.397666666666667,0.333333333333333,2.86666666666667,10.3666666666667,2.6,10600574.0
SF,15.25,0.4075,0.3485,2.925,11.0,3.45,2337843.5
SF,6.77777777777778,0.385222222222222,0.384222222222222,2.96666666666667,11.6,1.23333333333333,2421999.88888889
SF,21.0,0.34,0.328,4.2,12.1,0.7,1436983.5
PF,0.0,0.402,0.0,2.7,10.2,1.1,390027.0
SF,7.0,0.416666666666667,0.198,2.93333333333333,10.6666666666667,1.16666666666667,1082560.0
C,2.0,0.472,0.1,6.7,9.88,1.02,1064316.2
PF,31.6666666666667,0.509,0.307,2.76666666666667,15.0666666666667,1.66666666666667,1551840.0
C,57.5714285714286,0.655,0.0357142857142857,3.91428571428571,10.9571428571429,0.628571428571428,6454266.28571429
C,0.0,0.5235,0.0,5.25,13.5,1.25,694423.5
PG,10.75,0.43925,0.2915,2.575,11.5,4.65,1319535.25
SF,0.0,0.143,0.0,2.0,6.0,0.7,189442.0
C,42.5,0.4923,0.0,3.54,16.26,1.82,7655852.8
C,28.25,0.5125,0.339,3.65,16.4,0.875,4694148.5
SG,10.0,0.415857142857143,0.372857142857143,2.94285714285714,10.9857142857143,1.64285714285714,3929435.14285714
SG,8.5,0.373,0.2535,4.0,9.2,2.2,1500840.0
SG,0.0,0.346,0.308,2.0,15.2,4.6,427163.0
C,0.0,0.449,0.0,11.7,13.5,0.5,682050.0
PF,34.0,0.337,0.336,3.4,9.7,2.7,1650000.0
PF,17.6666666666667,0.411666666666667,0.111,5.7,10.7,2.7,1398986.0
SF,63.6666666666667,0.465333333333333,0.111,3.0,12.2666666666667,1.66666666666667,4809840.0
SG,72.125,0.39125,0.369,1.95,10.025,8.1375,13180687.5
SG,0.0,0.35,0.308,1.5,11.0,2.0,64843.0
SG,5.0,0.442333333333333,0.367,3.53333333333333,14.0,1.16666666666667,476610.666666667
SF,42.2222222222222,0.431,0.258333333333333,2.2,11.9777777777778,3.28888888888889,11416842.6666667
C,0.0,0.25,0.0,2.6,10.3,2.6,65000.0
SF,9.28571428571429,0.422714285714286,0.306,4.17142857142857,15.3714285714286,1.38571428571429,2694367.57142857
PG,32.75,0.39275,0.07175,3.375,9.75,8.025,3150000.0
PG,68.0,0.414666666666667,0.357333333333333,2.4,16.3,4.7,2704280.0
SF,0.0,0.275,0.243,1.55,9.1,3.05,1768380.0
SG,28.7777777777778,0.454444444444444,0.449222222222222,2.82222222222222,13.8555555555556,2.63333333333333,5086062.44444444
C,19.8571428571429,0.516,0.0,4.71428571428571,12.6285714285714,0.928571428571429,2128541.71428571
C,0.0,0.533,0.0,4.3,12.2,0.6,1500000.0
C,52.6666666666667,0.4875,0.075,4.06666666666667,14.5666666666667,1.18333333333333,3283657.33333333
PF,0.0,0.389,0.306,3.1,11.2,4.9,2000000.0
SF,5.0,0.389,0.395,6.4,12.8,1.6,429111.0
C,0.0,0.667,0.0,6.5,10.0,3.0,816482.0
C,24.0,0.418666666666667,0.159666666666667,5.96666666666667,9.83333333333333,1.16666666666667,11532037.3333333
SG,0.0,0.381,0.389,3.0,9.75,2.1,719436.0
SG,2.66666666666667,0.400333333333333,0.332666666666667,3.16666666666667,16.6,2.13333333333333,2111120.0
C,0.0,0.182,0.0,2.6,5.1,2.6,900000.0
PF,10.125,0.537875,0.124875,4.0125,16.3625,1.05,4365895.375
SF,0.0,0.372,0.321,4.5,14.3,0.0,457588.0
SG,0.0,0.25,0.0,3.6,7.2,0.0,272316.0
C,0.0,0.444,0.0,9.2,7.2,1.3,771331.0
PG,11.0,0.4065,0.309,3.15,9.4,4.8,1571520.0
C,1.0,0.404,0.188,5.8,12.5,1.7,1790280.0
PG,40.0,0.422,0.341,3.0,14.7,5.2,2055840.0
PG,2.0,0.41925,0.249,2.825,12.075,4.6,1768501.75
PF,0.0,0.0,0.0,18.0,0.0,0.0,473640.0
PG,51.1666666666667,0.472333333333333,0.373666666666667,1.95,16.3666666666667,7.41666666666667,4927707.0
SG,0.0,0.333,0.37,3.1,13.3,2.8,912538.0
SG,42.1428571428571,0.45,0.385142857142857,2.3,12.8714285714286,2.07142857142857,3107116.14285714
PF,49.0,0.5405,0.0333,3.22,16.27,2.59,7561003.3
SG,6.0,0.386,0.2665,3.5,9.45,3.55,631097.5
C,23.5,0.465,0.1665,5.95,9.4,0.6,3571320.0
SG,6.0,0.393,0.321,3.1,15.0,3.2,3520000.0
SF,56.25,0.497,0.3695,2.2,15.025,2.2,2093944.75
C,5.33333333333333,0.502,0.283,5.83333333333333,11.7,1.4,2222200.0
SG,0.0,0.357,0.0,3.2,11.2,4.0,473604.0
PF,9.0,0.4755,0.287,4.05,13.3,1.8,720552.0
SF,49.875,0.433875,0.3685,2.6125,15.5125,1.975,13214283.5
SG,0.5,0.4635,0.184,3.0,8.75,1.75,617899.5
PG,82.0,0.429,0.368333333333333,2.13333333333333,19.9333333333333,5.93333333333333,3202960.0
PG,34.0,0.4292,0.3172,3.24,15.08,6.4,5271947.4
PG,18.1111111111111,0.480222222222222,0.169111111111111,2.9,11.0222222222222,5.15555555555556,2556192.66666667
C,54.1428571428571,0.516142857142857,0.0142857142857143,3.02857142857143,21.1285714285714,1.38571428571429,7699494.57142857
C,45.2857142857143,0.526857142857143,0.0,4.07142857142857,13.8857142857143,0.742857142857143,3575349.14285714
PF,51.0,0.438571428571429,0.312,2.41428571428571,20.0714285714286,2.57142857142857,8413488.42857143
PG,37.7777777777778,0.411444444444445,0.332111111111111,3.42222222222222,14.6444444444444,6.77777777777778,4528657.44444444
PG,1.14285714285714,0.376285714285714,0.264857142857143,2.11428571428571,12.4714285714286,4.45714285714286,725997.714285714
PG,7.5,0.44,0.42325,3.15,14.625,4.3,3187500.0
PG,0.0,0.5,0.0,0.0,13.7,10.3,192228.0
SG,0.0,0.341,0.25,2.7,11.7,1.3,2500000.0
C,0.0,0.543,0.0,2.4,12.3,1.3,473604.0
PG,3.66666666666667,0.406,0.312666666666667,2.03333333333333,12.2,6.43333333333333,1263743.33333333
C,3.5,0.329,0.0,6.325,3.125,0.9,2315000.0
SF,27.875,0.439375,0.2995,4.075,20.3875,2.5125,8625000.0
C,17.1428571428571,0.466142857142857,0.0,5.62857142857143,8.12857142857143,0.685714285714286,3702738.0
C,1.5,0.5305,0.0,6.31666666666667,15.7833333333333,0.833333333333333,2463432.66666667
PF,0.0,0.2,0.0,5.3,6.7,0.0,20133.0
SG,7.0,0.318,0.182,2.4,6.4,2.9,884879.0
PG,39.25,0.40675,0.323,2.55,13.625,5.8,18372656.25
SF,62.3,0.4958,0.2708,2.11,14.19,1.97,10439466.7
PF,0.0,0.365,0.375,4.7,10.8,1.3,412718.0
C,0.833333333333333,0.467666666666667,0.241666666666667,6.68333333333333,10.9833333333333,0.8,1065994.33333333
PF,0.25,0.3995,0.35325,3.525,14.075,1.55,5915569.75
PG,17.0,0.410666666666667,0.368333333333333,2.13333333333333,9.13333333333333,8.56666666666667,1613321.0
SG,5.5,0.38,0.2775,2.35,10.25,1.4,531485.5
SF,1.4,0.3572,0.3246,3.8,11.8,1.5,640563.2
PG,0.0,0.311666666666667,0.292,3.73333333333333,11.0333333333333,6.16666666666667,1114861.33333333
PF,32.0,0.4955,0.1506,4.29,11.34,1.73,8704698.0
SG,49.1,0.4402,0.3836,2.2,20.93,2.32,7104092.6
SF,41.8,0.437,0.0334,2.56,11.3,1.6,5149444.0
SG,14.0,0.393857142857143,0.376857142857143,2.87142857142857,12.5,2.58571428571429,1798904.57142857
SG,63.5,0.444833333333333,0.392,2.46666666666667,15.8333333333333,2.3,5497364.66666667
PF,18.8,0.4836,0.0,3.74,10.91,0.79,2861482.1
PG,0.5,0.374,0.343,2.875,10.05,6.525,1567350.0
SG,43.0,0.427,0.375571428571429,2.64285714285714,16.4857142857143,3.38571428571429,5449919.57142857
C,6.25,0.4415,0.41675,4.575,14.875,1.95,1726477.0
PF,49.0,0.451833333333333,0.210166666666667,2.93333333333333,10.45,1.46666666666667,2754262.83333333
C,0.5,0.453166666666667,0.0,6.71666666666667,9.53333333333333,1.23333333333333,1645624.5
PF,0.0,0.545,0.0,5.5,16.3,0.5,167122.0
PG,30.0,0.438,0.306,2.3,12.6,4.7,816482.0
SG,9.75,0.4115,0.34475,4.225,16.65,2.325,1895351.5
SF,1.0,0.333,0.222,5.3,9.0,2.3,1035000.0
SG,1.5,0.426,0.3855,3.5,15.45,2.2,2368860.0
C,1.0,1.0,0.0,7.6,3.3,0.0,151089.0
SG,0.0,0.0,0.0,3.0,0.0,0.0,161061.0
SG,15.0,0.396,0.287,3.4,13.0,1.9,507336.0
SF,0.0,0.402,0.317,3.3,12.2,0.7,2277960.0
PF,29.5,0.5005,0.0,4.11666666666667,11.5666666666667,1.73333333333333,5660203.16666667
PF,0.0,0.385,0.0,7.0,13.2,0.9,412718.0
PF,2.0,0.533,0.0,5.3,14.9,1.0,1400040.0
C,22.5714285714286,0.523142857142857,0.142857142857143,4.74285714285714,15.4142857142857,0.628571428571429,5564617.14285714
SF,39.7142857142857,0.415714285714286,0.336714285714286,1.71428571428571,17.6142857142857,5.35714285714286,13989185.4285714
SF,14.0,0.408166666666667,0.111166666666667,3.68333333333333,5.95,2.36666666666667,696456.5
PG,10.0,0.422333333333333,0.157,3.16666666666667,8.56666666666667,5.3,2739863.33333333
SF,0.0,0.4485,0.0,2.95,4.05,3.45,8285437.0
SG,68.5,0.4065,0.339,3.15,12.65,1.6,2961120.0
PG,20.5,0.3705,0.3245,3.2,11.2,4.45,1300000.0
PG,0.0,0.273,0.5,5.0,9.0,2.0,29843.0
PF,20.5,0.498,0.2785,3.775,10.6875,3.275,2117662.125
C,0.0,0.457,0.25,6.55,15.35,3.45,1812566.0
SG,32.3333333333333,0.414666666666667,0.3645,1.98333333333333,14.4166666666667,1.65,1886097.33333333
PG,0.0,0.15,0.0,0.8,5.0,10.9,1450456.0
C,0.0,0.5,0.0,7.0,7.0,0.0,1254720.0
PF,0.0,0.458,0.0,7.13333333333333,9.5,1.0,369126.0
SF,40.6666666666667,0.449,0.377333333333333,3.46666666666667,14.3333333333333,2.46666666666667,725906.333333333
C,20.3333333333333,0.404333333333333,0.0,6.1,12.3333333333333,2.16666666666667,2930939.0
PG,0.0,0.333,0.0,4.0,4.9,7.3,155614.0
SG,24.6,0.4116,0.3303,4.09,15.91,2.27,2528858.1
SF,11.5,0.473,0.1835,3.35,15.05,2.05,8477376.0
C,25.75,0.416125,0.0,4.75,10.175,1.5125,5607800.25
PG,49.2,0.4675,0.222,2.51,13.67,7.55,7296612.5
C,41.8571428571429,0.442285714285714,0.340142857142857,3.25714285714286,12.7857142857143,4.38571428571429,8807428.57142857
SF,3.33333333333333,0.33,0.239333333333333,5.23333333333333,5.93333333333333,2.03333333333333,554158.666666667
SF,28.5,0.4486,0.4123,2.62,12.26,3.31,6846008.9
PF,5.33333333333333,0.312333333333333,0.162,3.36666666666667,11.0,2.6,542609.333333333
SG,5.0,0.34,0.311,4.8,9.7,2.3,241731.0
PF,45.6666666666667,0.506,0.234222222222222,4.17777777777778,16.6888888888889,2.5,5901115.22222222
PG,0.8,0.4286,0.4038,3.38,18.44,4.1,1491191.6
C,48.4,0.5152,0.2,3.76,22.54,1.9,12913866.2
PF,3.0,0.405,0.316,3.7,18.1,2.1,5305000.0
SG,49.0,0.43275,0.3605,2.25,13.925,2.325,8193750.0
C,17.3,0.4728,0.0,5.23,11.58,0.96,4369717.8
SF,15.0,0.333,0.265,4.3,8.1,2.0,1016400.0
PF,66.8,0.5102,0.0,2.8,16.48,2.56,3718005.6
SF,39.25,0.4555,0.328,2.35,9.975,1.675,1722170.0
SG,6.0,0.41275,0.3535,2.975,11.775,3.3,767063.75
C,38.75,0.55525,0.0,5.05,10.9,1.875,2496294.25
PF,0.0,1.0,0.0,18.0,36.0,0.0,507336.0
SF,9.33333333333333,0.370333333333333,0.302666666666667,3.06666666666667,11.9666666666667,2.43333333333333,4344369.66666667
PG,4.25,0.39075,0.334,3.175,10.575,4.85,796206.0
PF,30.25,0.43925,0.329,4.175,15.725,2.275,2265819.75
PF,12.0,0.390666666666667,0.285666666666667,3.26666666666667,14.0666666666667,1.66666666666667,2251273.66666667
PF,0.666666666666667,0.445,0.0,9.13333333333333,12.1333333333333,0.6,820923.333333333
SF,0.0,0.327,0.0,3.6,6.6,0.7,835810.0
SG,18.4285714285714,0.453,0.424857142857143,2.81428571428571,15.7857142857143,1.47142857142857,2486565.42857143
PF,26.3333333333333,0.467333333333333,0.302333333333333,4.5,14.9,1.9,1453386.66666667
PF,1.0,0.5015,0.0,3.55,9.25,0.55,1065780.0
C,21.0,0.568,0.0,5.03333333333333,14.3333333333333,0.433333333333333,4875477.66666667
C,32.0,0.5168,0.1,4.84,12.76,1.08,3820284.2
SG,6.5,0.4745,0.3325,2.5,19.55,1.25,1929540.0
C,13.2,0.3882,0.1846,5.04,13.08,1.06,1362762.6
SG,0.0,0.25,0.2,2.8,10.4,1.4,473604.0
PF,41.25,0.434,0.353875,3.45,12.4875,2.0125,7445867.125
SF,1.0,0.398,0.346,4.1,12.2,0.8,6388500.0
SG,13.6,0.4162,0.308,2.52,15.2,3.94,1605049.6
PF,8.0,0.55,0.409,3.7,14.1,1.8,816482.0
C,20.75,0.50125,0.0,4.125,6.425,0.225,1556020.25
PF,1.0,0.4295,0.391,4.1,16.2,1.65,2500000.0
PF,0.0,0.5,0.0,4.9,14.1,1.1,835810.0
PF,6.71428571428571,0.439714285714286,0.267714285714286,4.81428571428571,8.71428571428571,1.7,3687754.85714286
PG,10.0,0.382,0.364,2.7,9.3,4.6,1238640.0
PG,65.3333333333333,0.495777777777778,0.420555555555556,1.51111111111111,16.3,10.9333333333333,10786166.6666667
SG,30.0,0.402,0.361,1.6,15.2,3.0,538090.0
C,0.0,0.4,0.0,4.05,3.15,0.0,372015.5
C,1.0,0.415,0.0,5.4,11.8,1.7,398762.0
SG,5.8,0.4166,0.3752,2.5,16.6,2.88,1728316.8
SG,0.0,0.205,0.167,3.3,6.6,3.3,1056720.0
PG,5.0,0.444,0.0,5.1,11.2,2.7,182047.0
PG,56.4,0.44,0.3821,3.1,15.44,6.71,5379381.7
C,38.0,0.5336,0.0666,4.42,12.16,1.96,6446000.0
SF,2.0,0.365,0.382,4.75,8.85,0.75,3073125.0
PF,12.0,0.464333333333333,0.210666666666667,4.03333333333333,14.8,1.23333333333333,1482000.0
SF,0.0,0.297,0.1155,2.95,15.15,1.7,257528.0
C,57.875,0.497,0.0,3.525,11.525,3.35,7076887.0
SF,24.5,0.405833333333333,0.341166666666667,3.85,15.75,1.53333333333333,6037500.0
PF,0.0,0.367,0.321,3.5,8.4,3.0,412718.0
C,71.0,0.462,0.0,3.2,11.6,2.0,3315120.0
C,0.0,0.25,0.0,9.4,9.4,1.6,1762680.0
PG,0.0,0.411,0.286,4.2,10.6,4.2,4200000.0
PF,0.75,0.43725,0.42825,2.5,14.0375,0.7875,1558988.25
PF,73.6,0.4822,0.3914,2.28,23.4,2.77,17115297.5
C,27.0,0.446,0.0,6.8,13.9,1.6,1762680.0
C,21.3333333333333,0.575833333333333,0.0,6.08333333333333,7.21666666666667,1.96666666666667,2819613.33333333
PF,15.0,0.367,0.0,4.3,9.8,1.7,600000.0
C,0.75,0.4835,0.0,8.7,12.45,1.625,1849530.0
C,22.0,0.573333333333333,0.0,7.1,14.3,0.8,3800114.66666667
PF,40.5,0.46375,0.302,3.3,12.825,3.65,10501390.125
C,0.0,0.333,0.0,3.0,9.0,3.0,144867.0
C,63.875,0.5195,0.0,3.2625,13.6125,1.0375,8918904.5
C,56.1428571428571,0.434142857142857,0.368142857142857,3.58571428571429,15.9571428571429,2.42857142857143,9047857.14285714
SG,57.5,0.4275,0.333,2.8,17.05,4.4,4870980.0
PG,13.4,0.4182,0.0666,3.08,7.46,4.16,2431376.0
C,12.0,0.4295,0.0,6.1,7.75,0.85,3501812.5
C,11.0,0.4705,0.35,5.6,16.1,2.8,2031060.0
PF,36.8888888888889,0.469777777777778,0.0333333333333333,4.15555555555556,15.4666666666667,1.76666666666667,12664820.1111111
C,53.6666666666667,0.604333333333333,0.0,4.71666666666667,19.7666666666667,2.03333333333333,17058696.8333333
C,1.0,0.857,0.0,3.2,14.3,2.1,43226.0
PF,13.6666666666667,0.502,0.093,5.26666666666667,12.9666666666667,2.63333333333333,830995.666666667
C,1.0,0.5145,0.0,5.15,10.05,1.2,931636.0
C,22.0,0.492,0.0,5.8,6.5,2.6,4400000.0
PF,0.0,0.645666666666667,0.0,4.9,11.5,0.9,825639.666666667
SF,10.6666666666667,0.409555555555556,0.320777777777778,2.81111111111111,14.3111111111111,1.42222222222222,3990954.0
PG,4.5,0.3695,0.319,3.85,11.55,2.85,543109.0
SF,0.0,0.4165,0.431,4.65,8.15,1.95,70885.0
C,31.1,0.4661,0.0,4.55,11.75,2.13,4540000.0
PF,0.5,0.3195,0.2945,5.0,8.9,1.65,1582658.5
PG,18.0,0.424,0.063,3.3,11.5,5.0,1400000.0
SF,1.0,0.35,0.292,3.2,8.2,3.8,4800000.0
PG,2.125,0.396375,0.365,3.0625,16.4625,4.95,1259627.5
PG,5.0,0.333,0.263,3.9,10.7,4.7,1000000.0
SF,70.5,0.440833333333333,0.404,2.03333333333333,11.5,3.03333333333333,3466655.0
PF,25.0,0.49,0.25,2.0,15.0,2.0,4930560.0
PG,54.6666666666667,0.410333333333333,0.320666666666667,3.16666666666667,11.8333333333333,4.1,1264453.33333333
PG,68.6,0.5061,0.3285,1.75,20.32,7.0,11600000.0
SF,68.25,0.468,0.368,2.3,15.1,3.2,4341187.5
PF,13.0,0.4838,0.2242,2.98,12.84,1.8,2963325.6
SF,29.0,0.5005,0.079,3.7,14.15,2.6,3555948.5
PG,69.9,0.4725,0.3627,2.45,18.53,9.89,11605145.9
SG,16.0,0.393428571428571,0.338285714285714,3.82857142857143,10.4,2.05714285714286,2456035.0
PF,22.0,0.414,0.111,4.3,10.4,1.5,1855320.0
PG,63.0,0.425,0.262,2.8,10.6,7.7,2397840.0
PG,26.5,0.4065,0.2735,2.7,9.2,4.4,1158424.0
C,1.66666666666667,0.382666666666667,0.292666666666667,4.06666666666667,15.0333333333333,0.666666666666667,1446720.0
C,38.2,0.5132,0.0,3.62,17.84,1.06,7508160.0
PF,3.0,0.5444,0.1,5.52,11.36,1.32,1407267.6
C,55.7,0.5161,0.0,4.55,8.61,1.69,5406637.2
C,0.0,0.3,0.0,5.7,9.5,0.9,1800000.0
SG,35.5,0.411,0.3165,3.75,12.4833333333333,1.46666666666667,5487700.0
C,17.375,0.461875,0.15625,5.8625,10.7625,1.225,1980661.75
SF,0.333333333333333,0.372333333333333,0.361666666666667,3.23333333333333,11.6666666666667,2.43333333333333,1799312.66666667
SF,71.6,0.4577,0.3822,2.79,20.15,3.89,14981682.4
SF,20.4285714285714,0.415428571428571,0.350428571428571,3.74285714285714,12.9714285714286,1.2,3720687.57142857
C,2.0,0.388333333333333,0.0,8.06666666666667,9.4,0.366666666666667,696729.333333333
PG,1.0,0.361,0.232,5.5,11.5,3.2,1127280.0
C,33.5,0.616,0.0,4.55,14.75,1.6,1327860.0
C,35.6666666666667,0.43,0.0,3.33333333333333,9.73333333333333,1.03333333333333,1121560.0
C,0.0,0.0,0.0,0.0,6.0,0.0,1141560.0
C,10.6666666666667,0.466666666666667,0.0,7.73333333333333,7.96666666666667,0.9,3231509.0
SG,4.25,0.4195,0.345,2.875,10.575,1.725,1421719.75
SF,6.5,0.4065,0.2635,2.65,10.0,1.35,4374240.0
SF,14.3333333333333,0.394166666666667,0.363,3.85,10.0,1.85,5710683.33333333
C,6.0,0.2605,0.0,6.7,4.3,0.45,3497292.0
PF,0.0,0.463,0.273,6.1,13.7,1.4,507336.0
SF,4.0,0.49275,0.0,5.5,15.225,0.625,693056.5
PF,4.66666666666667,0.440166666666667,0.073,4.68333333333333,11.15,1.51666666666667,804498.333333333
SF,0.0,0.0,0.0,5.5,5.5,0.0,412718.0
PG,0.0,0.368,0.246,3.2,10.6,7.0,816482.0
PG,5.0,0.3734,0.3056,2.14,13.96,5.16,604368.8
PG,6.11111111111111,0.371666666666667,0.285222222222222,4.38888888888889,10.7111111111111,4.56666666666667,1070362.88888889
PG,16.0,0.438333333333333,0.401,3.3,7.7,6.06666666666667,1242638.33333333
SF,69.1,0.4478,0.3726,1.31,13.13,2.8,7726311.5
SG,1.0,0.476,0.167,3.2,13.4,1.9,745248.0
SG,0.0,0.333,0.271,3.55,10.6,4.35,680758.5
C,30.375,0.50275,0.0,4.9875,5.65,0.825,4450994.75
PG,5.2,0.3836,0.3546,2.84,11.32,5.06,797946.6
PF,17.875,0.398875,0.34675,4.2125,11.775,2.3375,4514689.625
C,0.0,0.375,0.0,12.5,12.5,0.0,396100.0
PF,0.0,0.333,0.0,2.6,5.1,0.0,2997360.0
PF,8.0,0.4504,0.099,4.34,16.32,1.68,1976542.4
PF,1.16666666666667,0.404,0.166666666666667,5.33333333333333,11.0,1.33333333333333,812759.666666667
PF,66.0,0.47,0.235444444444444,2.68888888888889,18.9111111111111,2.15555555555556,15074074.0
C,10.0,0.4126,0.0,4.22,5.2,0.8,5450848.6
SG,0.0,0.429,0.25,0.0,12.0,4.5,600000.0
SG,5.0,0.386,0.414,4.3,14.7,2.2,412718.0
C,2.0,0.542,0.0,5.2,11.8,0.8,3000000.0
SG,35.7142857142857,0.423428571428571,0.336857142857143,1.48571428571429,19.7,2.61428571428571,13172643.7142857
SG,18.4444444444444,0.435111111111111,0.397222222222222,2.37777777777778,16.1666666666667,2.74444444444444,4657056.44444444
PF,4.5,0.3885,0.0,5.45,11.85,1.7,970874.0
PF,0.0,0.8,0.0,2.1,16.9,0.0,475000.0
C,2.0,0.349,0.0,6.6,4.9,1.9,396905.0
SG,0.0,0.2,0.143,9.2,9.2,1.7,400000.0
PF,1.5,0.494,0.0,6.7,6.1,1.15,235241.0
SG,59.4444444444444,0.428888888888889,0.374666666666667,2.4,17.1888888888889,2.6,9755082.77777778
SF,0.0,0.286,0.353,2.3,14.3,1.2,769431.0
SF,37.875,0.3455,0.335625,2.725,10.725,1.8625,5993487.5
PG,40.5,0.4303,0.3402,3.05,12.75,6.08,4231387.8
PG,15.0,0.3885,0.345,3.35,11.9,3.75,2288700.0
PG,0.333333333333333,0.414,0.401,3.03333333333333,15.8,2.06666666666667,487818.0
SG,40.5,0.4715,0.2005,5.3,6.6,1.7,1135860.0
PG,19.0,0.408666666666667,0.355666666666667,2.6,14.2333333333333,5.16666666666667,1331492.0
PF,9.0,0.4535,0.0,5.45,10.3,1.05,531485.5
SF,18.0,0.43,0.095,3.9,11.7,2.1,641748.0
C,7.0,0.3995,0.361,3.85,9.15,1.8,2050000.0
PG,10.6,0.4166,0.3583,3.93,17.27,4.78,2468378.1
PF,1.33333333333333,0.465333333333333,0.0,4.76666666666667,13.1,1.5,3526480.0
PG,5.5,0.41075,0.313,3.275,11.5,7.975,1167458.75
PG,57.7777777777778,0.462111111111111,0.256666666666667,2.48888888888889,11.9555555555556,9.27777777777778,6753653.77777778
PG,56.5,0.433833333333333,0.292166666666667,1.48333333333333,20.45,6.38333333333333,9840451.83333333
SF,0.0,0.442,0.447,3.2,15.8,2.3,16141500.0
PF,13.3333333333333,0.379666666666667,0.512,5.26666666666667,10.4,2.36666666666667,6878465.66666667
SF,28.6,0.4206,0.2008,3.66,7.58,1.66,859734.2
SF,41.6666666666667,0.413333333333333,0.366333333333333,2.96666666666667,14.0666666666667,1.43333333333333,2678640.0
SG,50.0,0.4295,0.292833333333333,1.93333333333333,17.0666666666667,4.9,7923393.5
PG,45.5,0.3635,0.30475,2.9,11.65,9.275,4073511.5
SF,2.0,0.452,0.406,2.7,11.1,1.8,1100000.0
PF,1.5,0.3845,0.0,6.15,4.35,0.8,1412342.0
SG,15.0,0.424571428571429,0.300571428571429,3.12857142857143,11.4571428571429,1.8,2557816.0
SG,10.25,0.374,0.34325,3.0,11.225,2.225,1329135.25
SF,0.0,0.0,0.0,0.0,0.0,12.0,1138500.0
PG,0.0,0.347,0.308,2.9,8.5,5.8,374289.0
C,11.3333333333333,0.421333333333333,0.0,4.96666666666667,9.66666666666667,1.5,725906.333333333
SF,43.1111111111111,0.424666666666667,0.348111111111111,2.53333333333333,12.2888888888889,3.17777777777778,5440444.55555556
C,0.0,0.469,0.0,6.15,7.3,0.2,612372.0
C,1.5,0.6785,0.0,4.75,8.05,3.0,745352.0
SF,32.0,0.422,0.244,4.3,12.3,2.5,507336.0
C,3.66666666666667,0.426,0.0,4.96666666666667,12.7333333333333,1.1,534650.333333333
C,22.6,0.473,0.0,5.5,11.4,1.32,3927801.6
SG,0.0,0.485,0.667,6.4,13.1,1.0,24315.0
PF,5.42857142857143,0.407142857142857,0.277857142857143,4.81428571428571,7.84285714285714,2.45714285714286,2511633.71428571
SG,0.0,0.0,0.0,0.0,0.0,0.0,24315.0
C,0.0,0.304,0.0,7.6,5.8,0.3,55000.0
PG,5.0,0.405,0.2945,3.0,14.25,6.35,1519440.0
PF,53.5,0.4955,0.097625,3.875,17.025,2.325,6384956.0
PF,2.33333333333333,0.466333333333333,0.218,2.9,17.7,1.76666666666667,1531936.33333333
SF,47.25,0.438875,0.346,2.9,9.2,2.3375,3055508.5
PG,0.0,0.31,0.15,3.45,10.9,3.5,656097.5
C,1.0,0.497333333333333,0.0,4.9,17.8333333333333,0.2,2105520.0
C,6.2,0.4918,0.0,5.54,13.68,1.12,2340177.2
PG,17.125,0.43025,0.27775,2.1125,15.3,6.7125,3139955.0
C,4.0,0.581,0.0,7.0,7.5,0.2,641748.0
PG,0.0,0.356,0.1,3.4,11.5,5.7,89670.0
PF,0.0,0.364,0.0,5.4,14.4,0.0,442114.0
SF,0.0,0.4495,0.25,4.25,9.2,2.25,631238.0
SG,40.75,0.39625,0.34575,3.575,10.9,2.925,1891053.75
SG,8.33333333333333,0.363333333333333,0.309,2.2,15.6666666666667,4.76666666666667,3122222.0
C,0.0,0.548,0.0,7.1,16.0,1.1,473640.0
PF,1.0,0.437,0.0,5.55,10.8,1.05,900240.0
SF,23.5,0.332166666666667,0.311333333333333,3.91666666666667,9.4,2.16666666666667,6518242.33333333
PF,1.33333333333333,0.381,0.0,3.93333333333333,8.06666666666667,0.566666666666667,1629120.0
C,0.0,0.25,0.0,4.65,8.3,1.65,148389.0
C,32.0,0.474,0.182,3.5,15.1,2.0,915243.0
SF,20.6666666666667,0.375666666666667,0.302666666666667,4.26666666666667,9.16666666666667,1.16666666666667,1566680.0
PF,5.33333333333333,0.468333333333333,0.346333333333333,4.43333333333333,10.2,1.23333333333333,708756.333333333
SF,56.0,0.420333333333333,0.376666666666667,3.3,11.1,1.4,1045000.0
PG,2.0,0.365,0.4,5.3,10.7,3.4,442114.0
C,11.0,0.300666666666667,0.111166666666667,4.71666666666667,5.48333333333333,0.533333333333333,1568888.33333333
PG,11.0,0.394333333333333,0.210333333333333,1.73333333333333,10.8666666666667,5.5,677028.333333333
C,0.0,0.538,0.5,5.5,19.0,0.5,412718.0
PG,38.0,0.367,0.335,3.5,10.4,4.1,3283320.0
SG,4.0,0.417,0.395,4.8,13.7,1.5,771123.0
PF,8.16666666666667,0.547,0.0333333333333333,4.98333333333333,15.75,1.71666666666667,1565475.66666667
SG,0.0,0.556,0.5,5.7,10.8,2.6,641748.0
PF,3.0,0.62775,0.0,6.5,10.65,0.55,724096.0
PG,4.4,0.3844,0.2544,2.34,10.36,6.6,976175.6
C,13.7142857142857,0.462571428571429,0.157,4.7,12.9857142857143,1.5,2231233.28571429
PF,9.83333333333333,0.4095,0.0953333333333333,4.81666666666667,12.1666666666667,1.43333333333333,4302306.0
PF,70.6,0.4556,0.2582,3.03,16.52,3.55,9264654.3
SG,16.2,0.4251,0.3769,3.16,18.21,3.02,3933979.0
PG,2.0,0.37,0.2515,3.45,12.4,4.25,1355940.0
PG,0.0,0.32,0.182,7.2,16.6,4.4,816482.0
PF,0.0,0.25,0.0,5.1,6.4,0.0,161061.0
SF,17.0,0.4065,0.3455,2.35,10.6,1.8,1440720.0
PG,44.0,0.328,0.0333333333333333,3.43333333333333,5.0,5.5,6093750.0
SF,23.0,0.4525,0.3035,3.1,13.6,2.65,1487340.0
PG,9.0,0.429,0.326,3.6,13.3,6.7,711517.0
C,8.5,0.492666666666667,0.0945,5.33333333333333,12.8,2.08333333333333,3895166.66666667
C,12.5,0.382,0.0,4.65,9.8,1.3,693149.5
SG,0.0,0.319,0.172,4.4,11.3,3.7,1800000.0
C,10.4285714285714,0.472142857142857,0.190857142857143,5.17142857142857,18.2285714285714,1.37142857142857,2721942.14285714
C,30.2,0.5576,0.0,3.7,15.0,2.18,6053200.0
SF,4.25,0.364125,0.302375,1.9625,13.725,2.95,4626216.625
SG,1.0,0.365,0.322,2.9,10.2,2.1,2745840.0
SG,35.2,0.4072,0.1972,3.02,11.34,4.8,2487000.0
SG,50.5,0.3685,0.30425,2.175,9.8875,2.5875,2638897.625
C,10.5,0.5815,0.0,6.625,7.5,1.275,1748569.75
PG,0.0,0.333,0.5,1.1,8.7,9.8,29843.0
SF,48.0,0.424,0.403166666666667,1.86666666666667,16.5166666666667,1.46666666666667,11902720.0
PF,2.0,0.568,0.0,7.1,16.3,1.1,725000.0
PG,1.0,0.7095,0.091,4.35,8.1,5.0,617899.5
SG,0.5,0.414,0.2145,6.25,13.05,1.7,676632.5
PF,45.6,0.527,0.143,3.73,21.73,1.35,16048533.9
PG,37.0,0.381333333333333,0.339666666666667,2.3,11.8,6.06666666666667,4235479.33333333
PG,0.333333333333333,0.397333333333333,0.360666666666667,3.16666666666667,17.1666666666667,2.26666666666667,729000.0
SG,0.0,0.315,0.24,4.8,9.7,4.0,427163.0
PG,37.625,0.424375,0.28525,2.8125,16.6375,4.7375,4319633.875
PF,32.6666666666667,0.453,0.250666666666667,4.7,15.3,2.2,1365720.0
SF,2.33333333333333,0.397,0.366333333333333,4.56666666666667,12.3333333333333,1.16666666666667,507640.0
C,22.0,0.4415,0.0,6.8,15.0,2.15,2406938.0
C,11.3333333333333,0.463,0.0,5.43333333333333,8.36666666666667,0.533333333333333,2648241.33333333
PF,6.75,0.4735,0.25,5.75,14.275,0.75,5600000.0
SF,0.0,0.333,0.0,1.7,12.0,3.4,473604.0
SF,24.25,0.44575,0.40975,2.45,16.825,2.275,12081250.0
C,0.0,0.605,0.0,6.2,11.7,0.5,423762.0
SG,1.0,0.395,0.2055,3.45,11.55,3.95,531485.5
SG,6.0,0.429,0.269,2.35,15.9,2.15,752935.5
SF,16.6666666666667,0.400666666666667,0.306333333333333,3.23333333333333,11.2666666666667,1.53333333333333,759705.0
PF,7.5,0.377,0.0,5.45,10.5,1.65,8832959.0
PG,5.0,0.412,0.325,3.9,13.5,4.9,500000.0
PG,1.5,0.3545,0.356,4.0,12.85,4.1,631238.0
PG,50.8333333333333,0.443166666666667,0.327833333333333,2.75,15.3166666666667,6.71666666666667,3810619.5
SG,1.5,0.35,0.226,4.0,8.9,5.25,1051560.0
PF,3.66666666666667,0.394666666666667,0.351333333333333,3.5,14.4333333333333,1.7,3229050.0
PG,18.5555555555556,0.389555555555556,0.314,3.64444444444444,12.7555555555556,5.73333333333333,1946067.66666667
SG,18.0,0.389666666666667,0.302333333333333,3.56666666666667,8.66666666666667,3.46666666666667,823375.333333333
SG,27.0,0.4421,0.3836,2.17,16.21,3.95,8100679.3
C,4.0,0.5412,0.0,6.96,7.06,0.3,3355968.0
SF,0.0,0.235,0.25,3.4,12.0,0.0,775426.0
C,9.8,0.5048,0.0,4.56,10.8,0.58,5342853.2
PG,38.5,0.44025,0.36475,2.8,19.775,5.9,2339674.5
PF,0.0,0.526,0.0,8.4,6.7,0.2,148698.0
C,0.0,0.4,0.0,4.8,4.3,0.6,282118.0
PF,22.6,0.4538,0.0,4.32,6.48,1.7,7780000.0
PF,23.8,0.4924,0.2,4.88,8.64,1.46,4758745.0
SF,6.33333333333333,0.391333333333333,0.0,4.06666666666667,7.63333333333333,1.4,658310.666666667
PF,0.0,0.225,0.0,1.6,5.4,1.85,288552.0
SF,20.5,0.43025,0.36825,3.925,15.5,2.5,6167413.75
PF,18.0,0.505714285714286,0.172571428571429,4.15714285714286,14.7285714285714,2.08571428571429,5984789.85714286
SF,0.0,0.42,0.182,3.2,17.8,1.1,243931.5
SG,23.0,0.413,0.401,2.9,12.7,1.7,816482.0
PF,57.8571428571429,0.498428571428571,0.0142857142857143,4.17142857142857,12.6142857142857,1.52857142857143,3720042.0
SG,67.25,0.443,0.41775,2.775,19.6,2.7,2451580.0
SG,3.0,0.292,0.364,3.0,6.8,2.7,168035.0
PF,51.0,0.48775,0.0,3.1,12.65,0.95,4233277.5
C,0.0,0.393,0.308,3.0,17.2,0.9,473604.0
SF,48.0,0.449333333333333,0.313,3.33333333333333,15.6333333333333,1.53333333333333,1776240.0
SG,21.0,0.425333333333333,0.3635,2.2,18.5166666666667,2.03333333333333,5395013.83333333
PG,34.0,0.38725,0.252,3.225,12.075,7.6,5935075.0
PF,9.14285714285714,0.396,0.331857142857143,3.07142857142857,10.7285714285714,1.72857142857143,1402580.0
C,13.0,0.5045,0.0,5.0,10.2,0.55,2900000.0
SF,0.333333333333333,0.41,0.247,1.86666666666667,17.7333333333333,1.0,1001840.0
SF,47.25,0.4605,0.2615,3.375,11.075,1.8,1939801.5
C,11.5555555555556,0.491555555555556,0.0,4.31111111111111,8.22222222222222,2.63333333333333,2509017.33333333
SF,46.2222222222222,0.406222222222222,0.354222222222222,3.22222222222222,13.4666666666667,3.95555555555556,7755021.11111111
SG,45.8,0.4288,0.301,2.72,13.34,4.48,4960301.4
C,7.66666666666667,0.437666666666667,0.0,5.63333333333333,12.6,0.733333333333333,798829.333333333
PF,10.4,0.432,0.0,4.72,8.24,1.58,3067102.4
SF,16.0,0.3768,0.278,3.42,9.14,2.26,785363.4
PG,28.4444444444444,0.456222222222222,0.341,2.61111111111111,13.7222222222222,5.61111111111111,3642027.11111111
PG,0.0,0.4235,0.2135,2.65,13.5,5.35,776616.0
PG,4.0,0.389,0.1875,2.7,10.45,5.8,267518.5
C,72.6666666666667,0.553333333333333,0.0,4.1,14.8333333333333,0.9,3610840.0
PG,2.0,0.397,0.357,2.2,13.0,4.5,1138500.0
SF,0.0,0.424,0.368,4.0,15.6,1.2,15694250.0
C,20.8,0.5142,0.02,3.7,11.3,1.82,6134383.9
PF,0.0,0.5145,0.0,6.4,7.75,1.65,549054.0
PG,33.5,0.41975,0.33275,2.975,12.825,7.2,2435200.0
PG,4.75,0.4025,0.49175,3.475,8.7,5.4,1162000.0
PF,8.33333333333333,0.517,0.0,5.73333333333333,8.5,1.43333333333333,3233640.0
PF,15.9,0.4252,0.335,3.85,18.18,1.37,5007861.9
SF,0.0,0.4585,0.423,2.8,11.15,1.35,550087.0
PF,0.0,0.395,0.385,2.8,11.5,0.6,2524200.0
C,3.0,0.4105,0.08325,7.625,9.3,1.4,1940913.25
PF,2.0,0.394,0.0,6.9,6.5,1.0,682051.0
C,55.75,0.49975,0.177,3.625,15.775,1.9,1989745.0
SG,4.33333333333333,0.397166666666667,0.365833333333333,3.7,12.7666666666667,2.76666666666667,3106885.16666667
SG,63.9,0.4955,0.2737,2.28,24.5,5.88,13085110.6
SG,2.6,0.261,0.1862,2.42,10.12,1.6,587158.6
SG,0.0,1.0,1.0,5.1,20.6,5.1,771331.0
SG,31.6666666666667,0.413666666666667,0.325,2.5,17.6333333333333,3.36666666666667,3894280.0
PF,11.6666666666667,0.398333333333333,0.319,3.23333333333333,14.8,2.36666666666667,7605486.66666667
SF,4.66666666666667,0.469,0.242333333333333,5.53333333333333,12.8,1.83333333333333,503975.0
PG,59.5,0.39175,0.316,1.725,17.625,5.825,2682432.75
PF,0.0,0.0,0.0,11.5,3.3,0.0,364223.0
C,56.5,0.465666666666667,0.158333333333333,2.2,5.5,1.88333333333333,7272140.83333333
SF,52.3333333333333,0.468888888888889,0.312666666666667,2.48888888888889,13.2111111111111,2.54444444444444,8666016.11111111
C,50.6666666666667,0.416666666666667,0.336666666666667,3.71666666666667,15.0333333333333,1.7,9364363.5
PG,66.6,0.4302,0.257,2.4,17.78,8.62,7759233.0
SG,0.0,1.0,0.0,0.0,24.0,0.0,38904.0
PF,18.7142857142857,0.407,0.327285714285714,2.95714285714286,9.42857142857143,5.11428571428571,3890909.0
SF,1.0,0.528,0.238,3.0,14.4,1.5,1953120.0
PG,0.0,0.371,0.333,4.3,9.9,7.3,500000.0
PF,13.5,0.47125,0.10275,3.2875,16.25,1.5,2653492.75
SG,0.0,0.438,0.333,3.9,13.1,3.7,154847.0
C,0.0,0.333,0.0,4.1,6.1,0.0,109461.0
PG,12.1428571428571,0.423,0.372571428571429,2.51428571428571,13.4142857142857,4.52857142857143,1780030.42857143
PG,21.8888888888889,0.378444444444444,0.291111111111111,3.64444444444444,8.7,7.22222222222222,4269862.44444444
PG,1.0,0.295,0.226,4.6,13.5,4.8,217301.0
PF,0.0,0.0,0.0,5.1,0.0,5.1,29843.0
SF,1.0,0.402,0.367,2.9,10.7,2.1,507336.0
SG,9.5,0.4115,0.356,2.85,9.1,2.9,838710.0
PF,47.6666666666667,0.456666666666667,0.212333333333333,3.46666666666667,14.1333333333333,4.0,18996065.6666667
SF,26.6,0.3631,0.3285,2.47,11.54,1.34,3924324.3
SF,15.6666666666667,0.426333333333333,0.137333333333333,3.56666666666667,13.3,2.43333333333333,677641.0
SG,16.3333333333333,0.439,0.201666666666667,3.56666666666667,14.5333333333333,2.4,4133066.66666667
SF,2.0,0.387,0.286,2.7,10.4,2.6,2177114.0
SG,32.0,0.348,0.301,3.25,9.1,3.45,3410000.0
PG,70.0,0.430857142857143,0.296857142857143,2.58571428571429,22.7857142857143,7.57142857142857,8633024.85714286
PF,71.4,0.4899,0.2454,2.75,17.81,2.62,8526109.8
PG,35.8571428571429,0.449714285714286,0.364142857142857,2.37142857142857,12.6142857142857,4.78571428571429,2042910.85714286
SG,2.0,0.470666666666667,0.333333333333333,6.4,7.1,2.16666666666667,528473.333333333
C,0.0,0.404,0.0,7.0,8.3,2.9,398762.0
PF,2.75,0.53625,0.25,3.05,15.75,1.575,1067763.75
C,10.6666666666667,0.357333333333333,0.0,14.7,9.13333333333333,0.0666666666666667,754171.0
SF,9.0,0.435,0.3135,2.7,11.7,1.85,836271.0
PF,0.0,0.0,0.0,8.0,0.0,0.0,1719480.0
PF,0.0,0.452,0.167,6.0,19.0,2.0,507336.0
SF,82.0,0.437,0.31,2.3,16.8,2.1,5510640.0
C,27.4285714285714,0.567571428571429,0.0,4.62857142857143,14.0142857142857,1.25714285714286,4264597.28571429
SG,0.0,0.421,0.368,2.5,14.6,2.9,1109760.0
SG,17.75,0.42925,0.31125,3.175,11.4375,2.5375,2202269.875
PG,1.0,0.4405,0.38325,3.175,9.525,3.425,487175.0
C,5.66666666666667,0.518333333333333,0.0,5.66666666666667,8.53333333333333,0.866666666666667,2338333.33333333
PG,0.0,0.0,0.0,0.0,5.4,5.4,5443754.0
PF,0.5,0.4635,0.5,5.25,14.6,1.25,6250000.0
PG,66.4,0.4447,0.3592,2.65,17.44,8.61,11533877.6
PF,25.6666666666667,0.429666666666667,0.304666666666667,2.13333333333333,15.8333333333333,1.03333333333333,5293988.0
SG,0.0,0.439,0.37,3.95,16.25,2.5,782076.0
SF,5.5,0.3955,0.3495,4.6,12.7,1.8,4117000.0
PG,36.4,0.4022,0.3414,1.48,11.0,6.04,5586720.0
SF,2.33333333333333,0.378333333333333,0.315,3.4,14.0333333333333,1.2,434178.333333333
C,5.0,0.507,0.0,3.5,11.2,0.6,473604.0
C,0.5,0.531,0.0,5.25,12.1,0.1,562090.0
SG,5.4,0.4214,0.329,2.21,17.9,4.52,3720831.9
PG,43.1,0.4328,0.3785,2.94,16.54,6.04,6134500.0
PF,51.7,0.4427,0.3014,2.66,12.93,1.63,6266054.3
PG,2.5,0.34825,0.32275,2.65,11.725,7.075,1098947.25
SF,4.4,0.4516,0.3056,2.46,15.86,2.96,1389541.2
PF,9.66666666666667,0.461333333333333,0.0,6.33333333333333,9.2,0.766666666666667,1522880.0
PG,0.0,0.407,0.4,2.1,9.8,3.2,1750000.0
C,17.3333333333333,0.467,0.0833333333333333,4.76666666666667,10.9333333333333,1.05,2042811.5
SF,7.5,0.382833333333333,0.29,4.25,11.4166666666667,1.31666666666667,1587379.16666667
SF,2.25,0.42475,0.316,2.375,13.25,4.475,1735084.0
C,0.0,0.5,0.0,3.6,13.6,1.5,816482.0
PG,0.0,0.351,0.0,2.6,6.1,3.1,912538.0
C,4.0,0.475,0.0,5.4,6.9,0.4,780000.0
SF,16.0,0.508,0.367,3.4,11.7,1.7,599834.0
SG,16.0,0.359166666666667,0.2195,3.76666666666667,8.43333333333333,1.46666666666667,1602685.0
SG,0.0,0.406,0.3265,1.6,14.6,2.05,531485.5
PF,7.6,0.5828,0.0,3.22,15.16,1.02,3643694.4
SF,1.0,0.511,0.0,4.3,13.5,0.8,473604.0
SF,22.2,0.4255,0.3232,2.69,12.89,2.27,2754638.1
SF,10.0,0.503,0.26125,2.175,10.775,2.175,2116714.25
C,23.0,0.3955,0.0,5.8,6.425,1.05,3865568.75
PG,10.3333333333333,0.404666666666667,0.241333333333333,3.5,17.2,5.46666666666667,1160080.0
SG,0.0,0.353,0.258,2.4,11.4,1.4,1674480.0
SG,16.375,0.419875,0.376375,3.0,18.525,1.6375,2854590.25
SG,13.0,0.41725,0.2845,2.75,12.075,1.65,845429.0
PF,45.25,0.500375,0.286375,2.6,16.225,1.7125,5322967.75
SG,0.0,0.273,0.0,12.9,7.7,2.6,442114.0
C,24.0,0.4435,0.5,4.05,11.95,2.35,3943800.0
C,0.0,0.346,0.2,3.1,11.8,1.9,473604.0
C,41.0,0.508333333333333,0.0,4.46666666666667,13.9333333333333,1.76666666666667,1633440.0
