player_id,Season,Lg,Pos,G,GS,MP,FG,FGA,FG%,3P,3PA,3P%,2P,2PA,2P%,FT,FTA,FT%,ORB,DRB,TRB,AST,STL,BLK,TOV,PF,PTS,Salary
jamesle01,2013,NBA,PF,77,77,2902,9.5,16.8,0.567,1.4,3.8,0.379,8.1,13,0.622,5.4,7.3,0.75,1,5.6,6.6,6.1,1.5,0.3,3.3,1.6,25.9,19067500
paulch01,2013,NBA,PG,62,62,2171,6.7,14.4,0.467,1.3,3.5,0.368,5.4,10.9,0.498,4.9,5.7,0.855,0.6,3.8,4.4,11,2.6,0.1,2.4,2.6,19.6,18668431
nowitdi01,2013,NBA,PF,80,80,2628,8.7,17.4,0.497,1.8,4.5,0.398,6.9,12.9,0.532,4.6,5.2,0.899,0.5,6.3,6.8,3,1,0.6,1.6,2.3,23.8,22721381
howardw01,2013,NBA,C,71,71,2396,7.1,12,0.591,0,0.1,0.286,7.1,11.9,0.594,5.2,9.6,0.547,3.5,9.5,13,2,0.9,1.9,3.4,3.6,19.5,20513178
duncati01,2013,NBA,C,74,74,2158,7.4,15.1,0.49,0,0.1,0,7.4,15,0.493,3.9,5.3,0.731,2.6,9.4,12,3.7,0.7,2.3,2.7,2.2,18.7,10361446
duranke01,2013,NBA,SF,81,81,3122,9.8,19.5,0.503,2.2,5.7,0.391,7.6,13.8,0.549,8.1,9.3,0.873,0.7,6.2,6.9,5.1,1.2,0.7,3.3,2,29.9,17832627
wadedw01,2013,NBA,SG,54,53,1775,8.4,15.4,0.545,0.2,0.6,0.281,8.2,14.8,0.557,3.8,5.2,0.733,1.2,3.7,4.9,5.1,1.6,0.6,3.3,2.1,20.8,18673000
gasolpa01,2013,NBA,C,60,60,1884,8.1,16.9,0.48,0.1,0.3,0.286,8,16.6,0.483,3.6,4.9,0.736,2.4,8.7,11.1,3.8,0.5,1.8,2.7,2.4,19.9,19285850
bryanko01,2013,NBA,SG,6,6,177,6.3,14.8,0.425,0.6,3.3,0.188,5.7,11.6,0.491,3.7,4.3,0.857,0.4,4.9,5.3,7.7,1.4,0.2,6.9,1.8,16.9,30453805
boshch01,2013,NBA,C,79,79,2531,7,13.6,0.516,1.1,3.1,0.339,5.9,10.5,0.569,3.2,3.9,0.82,1.4,6,7.4,1.2,1.1,1.1,1.8,2.7,18.2,19067500
piercpa01,2013,NBA,SF,75,68,2098,5.5,12.2,0.451,1.9,5.1,0.373,3.6,7.1,0.507,4.4,5.3,0.826,0.4,5.5,6,3.1,1.5,0.5,2.6,3.3,17.3,15333334
garneke01,2013,NBA,C,54,54,1109,5.1,11.6,0.441,0,0.1,0,5.1,11.5,0.445,1.2,1.5,0.809,1.9,9.7,11.6,2.7,1.4,1.3,2.2,4,11.4,12443735
anthoca01,2013,NBA,PF,77,77,2982,9,19.8,0.452,2,5,0.402,7,14.8,0.469,5.5,6.5,0.848,1.8,5.8,7.5,2.9,1.1,0.6,2.4,2.7,25.5,22407474
ginobma01,2013,NBA,SG,68,3,1550,6.8,14.6,0.469,2.1,6,0.349,4.7,8.6,0.553,3.7,4.4,0.851,0.7,4,4.7,6.8,1.6,0.4,3.2,3,19.5,7500000
chandty01,2013,NBA,C,55,55,1662,4.1,7,0.593,0,0,0,4.1,7,0.595,2.1,3.4,0.632,3.4,8,11.5,1.3,0.8,1.4,1.5,3.1,10.4,14100538
parketo01,2013,NBA,PG,68,68,1997,8.2,16.5,0.499,0.5,1.2,0.373,7.8,15.3,0.509,3.6,4.4,0.811,0.3,2.5,2.8,7,0.6,0.2,2.7,1.6,20.4,12500000
westda01,2013,NBA,PF,80,80,2472,6.7,13.7,0.488,0.1,0.2,0.267,6.6,13.5,0.491,2.9,3.7,0.789,1.7,6.1,7.9,3.2,0.9,1.1,1.9,2.7,16.3,12000000
willide01,2013,NBA,PG,64,58,2059,5.6,12.5,0.45,1.7,4.7,0.366,3.9,7.8,0.5,3,3.8,0.801,0.3,2.7,2.9,6.9,1.6,0.2,2.5,2.6,16,18466130
iguodan01,2013,NBA,SF,63,63,2040,3.9,8.1,0.48,1.1,3.1,0.354,2.8,5,0.558,1.5,2.3,0.652,0.9,4.2,5.2,4.6,1.7,0.3,1.8,1.8,10.4,12868632
nashst01,2013,NBA,PG,15,10,313,4.1,10.8,0.383,0.9,2.8,0.333,3.2,8.1,0.4,2.5,2.8,0.917,0.5,2.9,3.3,9.9,0.8,0.2,3.6,2.1,11.7,9300500
billuch01,2013,NBA,SG,19,7,309,2.8,9.2,0.304,1.6,5.6,0.292,1.2,3.6,0.323,1.2,1.4,0.833,0.5,2.8,3.3,4.9,0.9,0.1,2.9,2.9,8.4,2500000
aldrila01,2013,NBA,PF,69,69,2498,9.4,20.5,0.458,0,0.2,0.2,9.4,20.3,0.461,4.3,5.2,0.822,2.4,8.6,11,2.6,0.9,1,1.8,2.1,23.1,14128000
allenra02,2013,NBA,SG,73,9,1936,4.5,10.1,0.442,2.2,5.7,0.375,2.3,4.4,0.53,2,2.2,0.905,0.4,3.4,3.8,2.7,1,0.1,1.6,2.1,13,3229050
leeda02,2013,NBA,PF,69,67,2288,8.1,15.4,0.523,0,0,0,8.1,15.4,0.523,3.6,4.7,0.78,2.9,7.3,10.1,2.3,0.8,0.4,2.4,3.2,19.8,13878000
stoudam01,2013,NBA,C,65,21,1466,7.6,13.7,0.557,0,0,,7.6,13.7,0.557,3.7,5,0.739,2.8,5.1,7.9,0.8,0.6,0.9,2.2,3.9,19,21679893
mariosh01,2013,NBA,SF,76,76,2409,5.1,10.6,0.482,0.9,2.4,0.358,4.2,8.2,0.518,0.8,1,0.785,2,5.5,7.4,1.9,1.3,0.6,1.4,1.9,11.8,9316796
hardeja01,2013,NBA,SG,73,73,2777,7.1,15.6,0.456,2.3,6.3,0.366,4.8,9.4,0.515,7.5,8.6,0.866,0.8,3.7,4.5,5.8,1.5,0.4,3.4,2.3,24,13701250
millspa01,2013,NBA,PF,74,73,2482,7,15.2,0.461,1.1,3.1,0.358,5.9,12.1,0.487,4.1,5.7,0.731,2.2,6.9,9.1,3.4,1.9,1.1,2.7,3,19.3,9500000
denglu01,2013,NBA,SF,63,63,2213,6,14,0.431,0.9,3.1,0.302,5.1,10.9,0.468,3.4,4.4,0.791,1.6,4.3,5.9,3,1,0.1,1.9,1.8,16.4,14275000
jeffeal01,2013,NBA,C,73,73,2553,9.9,19.4,0.509,0,0.2,0.2,9.8,19.2,0.512,2.7,3.9,0.69,2.2,9,11.2,2.2,0.9,1.1,1.7,2.5,22.5,13500000
boozeca01,2013,NBA,PF,76,76,2141,7.5,16.5,0.456,0,0,0,7.5,16.4,0.457,2.5,3.2,0.767,2.3,8.3,10.6,2,0.9,0.4,2.6,3.6,17.5,15300000
cartevi01,2013,NBA,SG,81,0,1973,6,14.8,0.407,2.7,6.8,0.394,3.4,8,0.418,2.9,3.6,0.821,1.2,4,5.2,3.9,1.1,0.6,2,3.8,17.6,3180000
martike02,2013,NBA,SG,68,68,2177,7.3,16.9,0.43,1.9,4.9,0.387,5.4,12,0.448,5,5.6,0.891,0.6,2.8,3.4,2,1.1,0.1,1.8,2,21.5,6500000
terryja01,2013,NBA,PG,35,0,570,3.5,9.6,0.362,2.5,6.5,0.379,1,3.1,0.327,0.6,0.9,0.667,0.3,2.1,2.3,3.5,0.8,0,1.7,3,10,5625313
johnsjo02,2013,NBA,SG,79,79,2575,6.5,14.2,0.454,2.3,5.6,0.401,4.2,8.6,0.489,2.2,2.7,0.815,0.7,3.1,3.8,3,0.7,0.1,1.7,1.8,17.4,21466718
gasolma01,2013,NBA,C,59,59,1970,6.1,13,0.473,0,0.2,0.182,6.1,12.8,0.477,3.4,4.4,0.768,1.5,6.2,7.7,3.9,1.1,1.4,2,2.7,15.7,14860523
randoza01,2013,NBA,PF,79,79,2705,7.5,15.9,0.467,0,0.3,0.1,7.4,15.7,0.474,3.3,4.5,0.742,3.5,7.1,10.6,2.7,0.7,0.3,2.4,2.8,18.3,17800000
noahjo01,2013,NBA,C,80,80,2820,4.9,10.2,0.475,0,0,0,4.9,10.2,0.476,3.2,4.3,0.737,3.6,7.9,11.5,5.5,1.3,1.5,2.5,3.1,12.9,11100000
millean02,2013,NBA,SG,58,2,982,3.9,8.5,0.459,0.4,0.8,0.524,3.5,7.7,0.452,2.2,2.8,0.779,1,3.7,4.8,7.2,1.2,0.3,2.2,2.7,10.4,5000000
loveke01,2013,NBA,PF,77,77,2797,8.4,18.3,0.457,2.4,6.5,0.376,5.9,11.8,0.502,6.7,8.1,0.821,2.9,9.5,12.4,4.4,0.8,0.5,2.5,1.8,25.9,14693906
wallage01,2013,NBA,SF,58,16,1416,2.9,5.8,0.504,0.5,1.6,0.297,2.5,4.2,0.584,1.2,2.6,0.465,0.9,4.5,5.4,3.6,1.9,0.4,2.5,2,7.6,10105855
horfoal01,2013,NBA,C,29,29,958,8.9,15.8,0.567,0.2,0.4,0.364,8.8,15.4,0.572,2.2,3.2,0.682,2.5,6.7,9.2,2.9,1,1.7,2.4,2.1,20.2,12000000
brandel01,2013,NBA,C,73,15,1414,4.6,8.5,0.539,0,0.1,0,4.6,8.4,0.542,1.6,2.4,0.649,2.5,6.7,9.2,1.9,1,2.2,1.5,4.9,10.7,4000000
curryst01,2013,NBA,PG,78,78,2846,8.2,17.5,0.471,3.3,7.8,0.424,4.9,9.7,0.509,3.9,4.4,0.885,0.6,3.6,4.2,8.4,1.6,0.2,3.7,2.5,23.7,9887642
westbru01,2013,NBA,PG,46,46,1412,8.8,20.2,0.437,1.7,5.5,0.318,7.1,14.7,0.482,6.2,7.5,0.826,1.4,5.3,6.7,8.1,2.2,0.2,4.5,2.7,25.5,14693906
caldejo01,2013,NBA,PG,81,81,2468,5,10.9,0.456,2.8,6.2,0.449,2.2,4.7,0.464,0.8,0.9,0.825,0.4,2.4,2.8,5.5,1,0.2,1.5,2,13.5,6791570
battish01,2013,NBA,SF,73,56,1468,2.6,6.7,0.382,1.8,5.1,0.348,0.8,1.6,0.492,0.4,0.6,0.652,0.8,2.6,3.4,1.5,1.2,1,0.5,3,7.3,3270000
griffbl01,2013,NBA,PF,80,80,2863,9,17.1,0.528,0.2,0.6,0.273,8.9,16.5,0.537,6.1,8.5,0.715,2.4,7.1,9.5,3.9,1.2,0.6,2.8,3.3,24.3,16441500
jefferi01,2013,NBA,SF,82,78,2213,4.8,10.6,0.45,2,4.9,0.409,2.8,5.7,0.484,2,2.6,0.741,0.3,3.3,3.6,2.1,0.9,0.2,1.5,2.7,13.5,11046000
korveky01,2013,NBA,SG,71,71,2408,4.3,9.1,0.475,2.8,5.9,0.472,1.6,3.2,0.479,1.3,1.4,0.926,0.3,3.9,4.2,3.1,1,0.4,1.5,2.2,12.7,6760563
smithjo03,2013,NBA,SF,77,76,2730,6.8,16.3,0.419,0.9,3.5,0.264,5.9,12.8,0.462,2.1,4,0.532,1.3,5.5,6.9,3.3,1.4,1.5,2.6,2.6,16.7,13500000
grangda01,2013,NBA,SF,41,2,847,4.9,13,0.378,1.8,5.4,0.336,3.1,7.6,0.408,2.7,2.8,0.94,1.3,4.3,5.7,1.7,0.5,0.7,2,2.6,14.4,14021788
lowryky01,2013,NBA,PG,79,79,2862,5.7,13.6,0.423,2.4,6.3,0.38,3.4,7.3,0.46,3.9,4.8,0.813,1.1,3.5,4.6,7.4,1.5,0.2,2.4,3.4,17.8,6210000
hilarne01,2013,NBA,PF,53,37,1560,6.9,13.7,0.503,0,0.1,0.2,6.9,13.6,0.506,3.6,6.1,0.583,1.5,5.3,6.8,3.5,1.5,1.1,2.7,3.8,17.4,13000000
jamisan01,2013,NBA,PF,22,0,248,4.2,13.4,0.315,1.2,6,0.195,3,7.4,0.412,2.6,3.6,0.72,1.3,6.7,8,1,1.3,0.4,1,4.2,12.2,1399507
lewisra02,2013,NBA,SF,60,6,971,3.6,8.7,0.415,1.7,5,0.343,1.9,3.8,0.51,1,1.2,0.788,0.9,3.2,4.1,2.1,2,0.3,1.3,3.3,9.9,1399507
conlemi01,2013,NBA,PG,73,73,2446,6.8,15.2,0.45,1.5,4.3,0.361,5.3,10.9,0.484,3.3,4.1,0.815,0.6,2.5,3.1,6.5,1.6,0.2,2.2,2.1,18.5,8000001
rondora01,2013,NBA,PG,30,30,998,5.1,12.6,0.403,0.9,3.2,0.289,4.1,9.4,0.442,1.5,2.4,0.627,0.8,5.1,5.9,10.6,1.4,0.1,3.6,2.3,12.6,11954545
diawbo01,2013,NBA,PF,79,24,1974,5.5,10.6,0.521,0.8,2,0.402,4.7,8.5,0.549,1.2,1.7,0.739,1.3,4.6,5.9,4,0.8,0.6,2.2,2.6,13.1,4702500
princta01,2013,NBA,SF,76,76,1948,3.7,9.1,0.407,0.4,1.3,0.29,3.3,7.8,0.426,0.6,1.1,0.567,0.6,3.7,4.3,2.2,0.7,0.4,0.8,1.2,8.4,7235955
dunlemi02,2013,NBA,SF,82,61,2584,4.6,10.8,0.43,1.7,4.5,0.38,2.9,6.3,0.467,2,2.3,0.854,0.6,4.2,4.8,2.6,0.9,0.6,1.5,2.3,12.9,3183000
bogutan01,2013,NBA,C,67,67,1769,4.8,7.6,0.627,0,0,,4.8,7.6,0.627,0.4,1.3,0.344,3.7,10,13.7,2.3,1,2.5,2,4.3,10,14000000
jordade01,2013,NBA,C,82,82,2870,4.4,6.5,0.676,0,0,,4.4,6.5,0.676,2,4.7,0.428,4.2,9.8,14,0.9,1,2.5,1.5,3.3,10.7,10986550
harride01,2013,NBA,PG,40,0,818,4.2,11.2,0.378,1.4,4.4,0.307,2.9,6.7,0.425,4,5.1,0.8,0.4,3.4,3.7,7.8,1.2,0.1,2.6,3.2,13.9,1272279
crawfja01,2013,NBA,SG,69,24,2094,7.2,17.4,0.416,2.8,7.7,0.361,4.5,9.7,0.46,4.8,5.5,0.866,0.6,2.1,2.7,3.8,1,0.2,2.3,2.1,22,5225000
turkohe01,2013,NBA,SF,38,0,392,3.9,10,0.385,2,4.6,0.44,1.8,5.4,0.339,0.8,1.7,0.5,1,7.2,8.2,3,1.7,0.9,1.5,4.6,10.6,12000000
varejan01,2013,NBA,C,65,29,1800,4.5,9.2,0.495,0,0.1,0,4.5,9,0.502,1.8,2.7,0.681,3.7,8.8,12.6,2.8,1.4,0.8,1.4,3.3,10.9,9036364
ibakase01,2013,NBA,PF,81,81,2666,7.1,13.2,0.536,0.3,0.8,0.383,6.8,12.4,0.546,2.1,2.7,0.784,3,6.5,9.6,1.1,0.5,3,1.7,3.1,16.6,12250000
nelsoja01,2013,NBA,PG,68,68,2179,4.9,12.3,0.394,2.2,6.5,0.348,2.6,5.9,0.444,1.6,1.9,0.857,0.5,3.3,3.8,7.9,0.9,0.1,2.7,2.4,13.5,8600000
hillge01,2013,NBA,PG,76,76,2434,4,9.1,0.442,1.4,3.8,0.365,2.6,5.3,0.497,2.1,2.6,0.807,0.8,3.4,4.2,3.9,1.1,0.3,1.4,2.3,11.6,8000000
kirilan01,2013,NBA,PF,45,4,857,3.4,6.7,0.513,0,0.2,0.2,3.4,6.5,0.523,2.6,5,0.513,2.3,3.8,6.1,3,1.7,0.8,2.3,2.7,9.5,3183000
gayru01,2013,NBA,SF,73,73,2531,7.6,16.8,0.455,0.9,2.8,0.33,6.7,14,0.481,4.5,5.5,0.822,1.6,4.6,6.2,3,1.4,0.8,3.2,2.4,20.7,17888931
scolalu01,2013,NBA,PF,82,2,1399,6.8,14.4,0.47,0,0.2,0.143,6.7,14.2,0.474,2.5,3.5,0.728,2.2,7.8,10.1,2.1,0.7,0.4,2.8,4.2,16.1,4508504
willima02,2013,NBA,PF,66,50,1674,5,11.3,0.439,1.8,5,0.359,3.2,6.3,0.503,1.2,1.6,0.781,1.8,5.4,7.2,1.7,1.2,0.7,1.1,3.2,13,7500000
gortama01,2013,NBA,C,81,80,2655,6.2,11.4,0.542,0,0,1,6.2,11.4,0.541,2.1,3.1,0.686,2.7,7.7,10.4,1.9,0.6,1.6,1.7,2.7,14.5,7727280
hinriki01,2013,NBA,PG,73,61,2116,4.1,10.5,0.393,1.4,4.1,0.351,2.7,6.4,0.419,1.6,2.1,0.76,0.5,2.7,3.3,4.9,1.4,0.4,2,3.5,11.3,4059000
dalemsa01,2013,NBA,C,80,68,1614,4.8,8.4,0.568,0,0,0,4.8,8.4,0.569,2.3,3.1,0.737,4.5,7.6,12.1,0.8,0.9,2.1,2,4.7,11.8,3700748
collini01,2013,NBA,PF,81,0,1353,3.6,6.4,0.556,0.1,0.5,0.235,3.5,6,0.58,1.8,2.5,0.71,3.1,4.7,7.8,2.8,0.8,0.7,1.9,5,9,2585668
johnsam01,2013,NBA,PF,77,72,2214,5.6,10,0.562,0.3,1.1,0.303,5.3,8.9,0.593,1.5,2.3,0.636,2.8,5.4,8.2,1.9,0.9,1.4,2,4.4,13,6500000
arizatr01,2013,NBA,SF,77,77,2723,5.1,11.3,0.456,2.4,5.8,0.407,2.8,5.4,0.509,2,2.6,0.772,1.3,5,6.3,2.5,1.7,0.3,1.7,2.4,14.6,7727280
lopezbr01,2013,NBA,C,17,17,533,8.7,15.5,0.563,0,0.1,0,8.7,15.4,0.566,6.3,7.8,0.817,2.6,4.3,6.9,1.1,0.6,2,1.9,3.5,23.8,14693906
smithjr01,2013,NBA,SF,74,37,2421,5.9,14.2,0.415,2.8,7.1,0.394,3.1,7.1,0.436,1.3,2.1,0.652,0.5,3.9,4.4,3.3,1,0.3,1.6,2.9,15.9,5565000
youngth01,2013,NBA,PF,79,78,2718,7.7,17,0.454,1.2,3.9,0.308,6.5,13.1,0.496,2.2,3,0.712,2.2,4.1,6.3,2.4,2.2,0.5,2.2,2.8,18.8,8600000
butleca01,2013,NBA,SF,56,13,1419,5.4,13.7,0.394,2.5,6.3,0.394,2.9,7.4,0.395,1.6,1.9,0.84,0.5,5.3,5.8,2.1,1.2,0.4,1.5,3,14.9,8000000
lawsoty01,2013,NBA,PG,62,61,2222,5.6,13.1,0.431,1.2,3.3,0.356,4.5,9.8,0.455,5.2,6.6,0.798,0.6,2.8,3.5,8.8,1.6,0.2,3.2,1.8,17.7,10786517
artesro01,2013,NBA,SF,29,1,388,5.2,13.1,0.397,1.6,5,0.315,3.6,8.1,0.448,0.9,1.5,0.625,1.7,3.8,5.5,1.6,2.2,0.7,1.8,4.1,12.9,1590000
batumni01,2013,NBA,SF,82,82,2956,4.6,10,0.465,1.8,4.9,0.361,2.9,5.1,0.566,2,2.5,0.803,1.4,6,7.4,5.1,0.9,0.7,2.5,1.9,13,11295250
bynuman01,2013,NBA,C,26,19,516,6.6,15.7,0.418,0,0,,6.6,15.7,0.418,2.6,3.4,0.755,3.7,6.4,10.1,2,0.4,2,2.4,2.2,15.7,6000000
barnema02,2013,NBA,SF,63,40,1735,4.8,10.9,0.438,2,5.9,0.343,2.8,5.1,0.549,1.4,1.9,0.733,1.2,4.8,6.1,2.6,1.2,0.6,1.8,3.8,13,3250000
willilo02,2013,NBA,PG,60,7,1445,4.9,12.3,0.4,2,5.8,0.342,2.9,6.5,0.45,3.8,4.5,0.849,0.2,2.8,3.1,5.2,1.1,0.1,2.3,1.6,15.6,5225000
ellismo01,2013,NBA,SG,82,82,3023,6.9,15.2,0.451,0.8,2.5,0.33,6,12.7,0.474,4,5.1,0.788,0.5,3.1,3.5,5.6,1.7,0.3,3.1,2.3,18.6,8000000
willima01,2013,NBA,PG,74,0,1834,5.5,13.2,0.417,1.6,4.4,0.369,3.9,8.8,0.441,1.5,1.7,0.876,0.8,2.2,3,6.3,1.1,0.2,2.9,3.9,14.2,2652000
bassbr01,2013,NBA,PF,82,73,2266,5.6,11.5,0.486,0,0.1,0.333,5.6,11.4,0.487,3.3,3.8,0.858,2.6,4.9,7.5,1.4,0.6,1.1,1.6,3,14.5,6450000
hasleud01,2013,NBA,PF,46,18,653,4.1,8,0.507,0,0,,4.1,8,0.507,1.4,2.4,0.568,2.3,7.3,9.6,0.7,0.6,0.8,1.3,4.4,9.5,4340000
matthwe02,2013,NBA,SG,82,82,2780,5.8,13.1,0.441,2.6,6.6,0.393,3.2,6.4,0.49,3.3,3.9,0.837,0.7,3.1,3.7,2.6,1,0.2,1.4,2.3,17.4,6875480
millemi01,2013,NBA,SF,82,4,1707,4.5,9.3,0.481,2.3,4.9,0.459,2.2,4.4,0.505,1,1.2,0.821,0.6,3.7,4.4,2.7,0.5,0.1,1.6,2,12.2,1399507
redicjj01,2013,NBA,SG,35,34,987,6.6,14.5,0.455,2.7,6.7,0.395,3.9,7.8,0.507,3.5,3.9,0.915,0.3,2.4,2.7,2.8,1,0.1,1.5,2.4,19.4,6300000
jackja01,2013,NBA,PG,80,31,2252,4.6,11.2,0.41,1,3,0.341,3.6,8.2,0.435,2,2.4,0.839,0.4,3.2,3.6,5.2,0.9,0.4,2.1,2.1,12.1,6300000
fishede01,2013,NBA,SG,81,0,1428,3.6,9.1,0.391,2.2,5.8,0.384,1.3,3.3,0.402,1.4,1.8,0.775,0.3,2.8,3.1,2.9,1.8,0.1,1.2,4,10.7,1399507
landrca01,2013,NBA,PF,18,1,233,4.8,9.3,0.517,0,0,,4.8,9.3,0.517,2.2,2.6,0.824,2.3,6.5,8.8,0.8,0.5,0.2,1.4,5.3,11.7,6500000
bonnema01,2013,NBA,PF,61,0,690,3.8,8.6,0.445,2.2,5.1,0.429,1.6,3.4,0.47,0.5,0.6,0.75,0.8,5.9,6.8,1.6,0.8,0.6,0.8,2.6,10.3,3945000
anderry01,2013,NBA,PF,22,14,795,7,16,0.438,3,7.4,0.409,4,8.6,0.463,2.7,2.8,0.952,3,3.4,6.4,0.8,0.5,0.3,0.9,2.1,19.7,8308500
dudleja01,2013,NBA,SF,74,43,1729,4.1,9.3,0.438,1.7,4.7,0.36,2.4,4.6,0.518,0.8,1.2,0.655,0.7,2.6,3.3,2.2,0.9,0.2,1.2,3,10.6,4250000
pachuza01,2013,NBA,C,53,43,1325,4,9.5,0.427,0,0,0,4,9.5,0.428,3,3.5,0.846,3.8,5.2,9,3.7,1.2,0.4,2.5,3.4,11.1,5200000
feltora01,2013,NBA,PG,65,65,2017,4.3,10.9,0.395,1.1,3.5,0.318,3.2,7.4,0.431,1.6,2.2,0.721,1,2.6,3.5,6.5,1.4,0.5,2.3,2.8,11.2,3637073
monrogr01,2013,NBA,PF,82,82,2690,6.7,13.6,0.497,0,0,0,6.7,13.6,0.497,3.2,4.9,0.657,3.4,6.7,10.2,2.3,1.2,0.6,2.2,2.7,16.7,4086454
dragigo01,2013,NBA,SG,76,75,2668,7.4,14.7,0.505,1.6,4,0.408,5.8,10.7,0.542,4.3,5.6,0.76,0.9,2.4,3.3,6,1.4,0.3,2.9,2.8,20.8,7500000
hibbero01,2013,NBA,C,81,81,2409,4.9,11.3,0.439,0,0.1,0.4,4.9,11.2,0.439,3.1,4,0.77,3,5,8,1.4,0.4,2.7,2.2,4,13,14283844
rosede01,2013,NBA,PG,10,10,311,6.7,19,0.354,1.9,5.4,0.34,4.9,13.5,0.359,3.1,3.7,0.844,1,2.7,3.7,5,0.6,0.1,3.9,1.7,18.4,17632688
fryech01,2013,NBA,PF,82,82,2312,5.2,12.1,0.432,2.5,6.7,0.37,2.7,5.4,0.509,1.2,1.5,0.821,1.1,5.3,6.5,1.5,0.9,1,1.4,3.8,14.2,6400000
davisan02,2013,NBA,PF,67,66,2358,8,15.3,0.519,0,0.1,0.222,7.9,15.2,0.522,5.3,6.7,0.791,3.2,7.1,10.3,1.6,1.4,2.9,1.7,3.1,21.3,5375760
brewero02,2013,NBA,SF,24,3,160,0.7,3.4,0.2,0.2,1.8,0.125,0.5,1.6,0.286,0,0.5,0,0.5,2.7,3.2,2.3,1.4,0.2,0.5,0.9,1.6,1186459
allento01,2013,NBA,SG,55,28,1278,5.7,11.6,0.494,0.3,1.3,0.234,5.4,10.3,0.527,2.1,3.4,0.628,2.2,3.6,5.9,2.6,2.5,0.5,2.5,3.4,13.9,4494382
anderch01,2013,NBA,C,72,0,1396,4.6,7.1,0.644,0.1,0.3,0.25,4.5,6.8,0.662,3.1,4.4,0.71,3.3,6.4,9.8,0.5,0.8,2.5,1.4,4.2,12.3,1399507
gordobe01,2013,NBA,SG,19,0,279,4.8,13.9,0.343,1,3.7,0.276,3.7,10.2,0.367,2.2,2.7,0.81,0.4,3.1,3.5,2.7,1.3,0.3,2.7,2.3,12.8,13200000
salmojo01,2013,NBA,SG-SF,78,8,1726,3.1,8.6,0.363,1.3,3.4,0.387,1.8,5.2,0.348,0.8,1.1,0.769,0.4,3,3.4,3.1,1,0.4,1.1,2.6,8.4,7583000
biedran01,2013,NBA,C,6,0,45,0.8,0.8,1,0,0,,0.8,0.8,1,0.8,4.8,0.167,1.6,12,13.6,0,0,0,1.6,4.8,2.4,9000000
ridnolu01,2013,NBA,PG,61,14,1141,4,10.3,0.385,1.2,3.4,0.343,2.8,6.9,0.406,0.5,0.8,0.654,0.7,2.3,3.1,5.6,1,0.3,2.1,2.9,9.7,4320000
ilyaser01,2013,NBA,PF,55,47,1478,5.8,14.1,0.409,0.9,3.2,0.282,4.9,10.9,0.446,2.6,3.2,0.823,2.6,5.7,8.3,1.8,1.1,0.2,1.5,3.3,15.1,7900000
afflaar01,2013,NBA,SG,73,73,2552,6.5,14.3,0.459,1.8,4.2,0.427,4.7,10,0.473,3.9,4.7,0.815,0.5,3.2,3.7,3.5,0.5,0,2.1,1.9,18.8,7312500
greenje02,2013,NBA,SF,82,82,2805,6.2,15,0.412,1.7,5.1,0.341,4.5,9.9,0.448,3.6,4.6,0.795,0.7,4.2,4.9,1.8,0.7,0.6,2.1,2.3,17.7,8965000
hayesch01,2013,NBA,C,61,1,754,2.7,6.2,0.431,0,0,0,2.7,6.2,0.434,1,1.2,0.8,3.3,6.7,10,1.7,1.6,0.6,1.6,4.5,6.3,5722500
georgpa01,2013,NBA,SF,80,80,2898,7.2,16.9,0.424,2.3,6.2,0.364,4.9,10.7,0.458,5,5.8,0.864,0.8,5.9,6.7,3.5,1.9,0.3,2.8,2.5,21.6,3282003
gibsota01,2013,NBA,PF,82,8,2351,6.6,13.7,0.479,0,0.1,0,6.6,13.6,0.483,3.2,4.3,0.751,3.1,5.5,8.5,1.4,0.6,1.7,2.3,3.2,16.4,7550000
lopezro01,2013,NBA,C,82,82,2603,4.9,8.9,0.551,0,0,0,4.9,8.9,0.552,2.7,3.3,0.818,4.5,5.2,9.7,1,0.3,1.9,1.2,2.7,12.6,5904261
leonaka01,2013,NBA,SF,66,65,1923,6.3,12.1,0.522,1.3,3.4,0.379,5,8.7,0.579,1.9,2.4,0.802,1.4,6.3,7.7,2.5,2.1,0.9,1.5,2.4,15.8,1887840
chalmma01,2013,NBA,PG,73,73,2178,4.2,9.3,0.454,1.4,3.7,0.385,2.8,5.5,0.5,2,2.7,0.742,0.7,2.9,3.5,5.9,2,0.3,2.7,3.5,11.8,4000000
robinna01,2013,NBA,PG,44,1,866,6.8,15.9,0.428,2.4,6.4,0.377,4.4,9.5,0.463,3,3.5,0.835,0.9,2.5,3.4,4.7,1.5,0.2,2.4,3.8,19,2016000
humphkr01,2013,NBA,PF,69,30,1376,6,12.1,0.501,0,0.1,0,6,12,0.503,3.1,3.8,0.813,3.3,7.4,10.7,1.8,0.8,1.6,1.7,3.6,15.1,12000000
teaguje01,2013,NBA,PG,79,79,2542,6.5,14.7,0.438,1,3.2,0.329,5.4,11.5,0.469,4.5,5.3,0.846,0.5,2.5,2.9,7.5,1.3,0.2,3.3,2.2,18.5,8000000
augusdj01,2013,NBA,PG,71,9,1939,5.5,13.3,0.415,2.5,6.2,0.401,3.1,7.2,0.427,3.7,4.2,0.885,0.3,2.1,2.4,5.8,1,0.1,2.3,2.7,17.3,1267000
perkike01,2013,NBA,C,62,62,1207,2.6,5.8,0.451,0,0,0,2.6,5.7,0.453,1.1,2,0.552,2.4,6.7,9.1,2,0.8,1,2.7,5.3,6.3,8477437
blakest01,2013,NBA,PG,55,28,1498,3.2,8.5,0.377,1.9,5,0.376,1.3,3.4,0.378,0.8,1,0.767,0.3,3.5,3.8,7.4,1.3,0.2,2.5,2,9.1,4000000
sefolth01,2013,NBA,SG,61,61,1584,3.2,7.7,0.415,1.1,3.5,0.316,2.1,4.3,0.495,1.2,1.6,0.768,1.1,3.9,5,2.1,1.8,0.4,1.2,2,8.7,3900000
stuckro01,2013,NBA,SG,73,5,1950,6.9,15.7,0.436,0.4,1.6,0.273,6.4,14.1,0.455,4.5,5.4,0.836,0.7,2.4,3.1,2.8,1,0.2,2.3,2.4,18.7,8500000
jennibr01,2013,NBA,PG,80,79,2728,5.6,15,0.373,2,6,0.337,3.5,8.9,0.397,3.2,4.2,0.751,0.8,2.4,3.2,8,1.3,0.1,2.8,2.1,16.4,7655503
udrihbe01,2013,NBA,SG,41,12,643,4.4,10,0.438,1.1,2.4,0.452,3.3,7.6,0.434,1.4,1.7,0.833,0.6,2.7,3.3,6.5,1.3,0.2,2.6,2.8,11.2,1272279
harrial01,2013,NBA,PF,34,0,511,5.8,14.6,0.396,2.4,7,0.34,3.4,7.5,0.449,1.9,2.5,0.771,1.1,4.6,5.6,2,1,0,2.4,5.1,15.9,3574300
harrial01,2013,NBA,PF,34,0,511,5.8,14.6,0.396,2.4,7,0.34,3.4,7.5,0.449,1.9,2.5,0.771,1.1,4.6,5.6,2,1,0,2.4,5.1,15.9,1399507
butleji01,2013,NBA,SG,67,67,2591,3.8,9.6,0.397,0.9,3.3,0.283,2.9,6.3,0.457,3.6,4.7,0.769,1.2,3.4,4.6,2.4,1.8,0.5,1.4,1.5,12.2,1112880
collida01,2013,NBA,PG,80,35,2069,5.6,12.1,0.467,1.2,3.3,0.376,4.4,8.8,0.501,3.3,3.9,0.857,0.8,2.5,3.3,5.2,1.6,0.3,2.3,2.6,15.9,1900000
irvinky01,2013,NBA,PG,71,71,2496,7.7,17.8,0.43,1.8,5,0.358,5.9,12.9,0.458,4.2,4.9,0.861,0.7,3,3.7,6.2,1.6,0.3,2.7,2.4,21.3,5607240
leeco01,2013,NBA,SG,79,47,1973,5.4,11.2,0.48,1.3,3.5,0.371,4.1,7.7,0.531,1.8,2,0.884,0.5,2.9,3.4,2.1,1.2,0.5,1.3,2.3,13.9,5225000
lillada01,2013,NBA,PG,82,82,2937,6.8,16,0.424,2.7,6.8,0.394,4.1,9.2,0.447,4.5,5.2,0.871,0.4,3.1,3.5,5.6,0.8,0.3,2.4,2.4,20.8,3202920
wrighdo01,2013,NBA,SF,68,13,984,4.1,10.9,0.374,2.5,7.4,0.342,1.5,3.5,0.442,1.9,2.5,0.754,1.1,5.9,7,2.3,0.8,0.6,1.4,2.3,12.5,3000000
walljo01,2013,NBA,PG,82,82,2980,7,16.2,0.433,1.3,3.7,0.351,5.7,12.4,0.458,3.8,4.8,0.805,0.5,3.6,4,8.7,1.8,0.5,3.6,2.6,19.1,7459925
derozde01,2013,NBA,SG,79,79,3017,7.2,16.8,0.429,0.8,2.5,0.305,6.4,14.3,0.451,6.2,7.5,0.824,0.6,3.5,4.1,3.7,1,0.3,2.1,2.4,21.4,9500000
onealje01,2013,NBA,PF,44,13,883,5.1,10.1,0.504,0,0,,5.1,10.1,0.504,4,5.4,0.75,3.5,6.4,9.9,1,0.6,1.6,2.1,4.2,14.2,2000000
webstma02,2013,NBA,SF,78,13,2157,4.2,9.8,0.433,2.4,6.2,0.392,1.8,3.6,0.502,1.8,2.1,0.84,0.6,3.1,3.7,1.6,0.7,0.3,1,2.5,12.7,5150000
farieke01,2013,NBA,PF,80,77,2178,7.4,13.6,0.545,0,0,0,7.4,13.5,0.547,3.3,5.1,0.65,3.9,7.4,11.3,1.6,1.2,1.1,2.2,3.2,18.1,1367640
haywago01,2013,NBA,SF,77,77,2800,5.5,13.3,0.413,1.1,3.6,0.304,4.4,9.7,0.453,4,4.9,0.816,0.8,4.2,5,5.1,1.4,0.5,2.7,2,16,3452183
sessira01,2013,NBA,PG,83,19,2214,5.4,12.5,0.429,0.6,2,0.282,4.8,10.5,0.457,5.3,6.6,0.807,0.6,2.7,3.3,5.5,0.8,0.1,2.4,1.5,16.6,5000000
favorde01,2013,NBA,PF,73,73,2201,6.4,12.2,0.522,0,0,0,6.4,12.2,0.523,3.1,4.6,0.669,3.3,7.2,10.4,1.5,1.2,1.8,2.1,3.9,15.9,6008196
couside01,2013,NBA,C,71,71,2298,9.3,18.7,0.496,0,0.1,0,9.3,18.5,0.499,6.8,9.3,0.726,3.4,9.6,13,3.2,1.7,1.4,3.9,4.2,25.3,4916974
parsoch01,2013,NBA,SF,74,74,2783,6,12.8,0.472,1.7,4.5,0.37,4.3,8.2,0.528,2.1,2.9,0.742,0.9,4.4,5.3,3.9,1.1,0.4,1.9,2.2,15.9,926500
splitti01,2013,NBA,C,59,50,1271,5.1,9.8,0.523,0,0.1,0,5.1,9.7,0.528,3.4,4.9,0.699,3.5,6.8,10.3,2.5,0.8,0.9,2.1,3.3,13.7,10000000
thomais02,2013,NBA,PG,72,54,2497,7.2,15.8,0.453,1.8,5.2,0.349,5.3,10.6,0.504,5,5.9,0.85,0.7,2.4,3,6.5,1.3,0.1,3.1,2.7,21.1,884293
foyera01,2013,NBA,SG,81,78,2485,5.2,12.7,0.413,2.7,7.2,0.38,2.5,5.5,0.456,2.3,2.7,0.849,0.5,2.8,3.4,4.2,1,0.6,2.1,3,15.5,3000000
greenda02,2013,NBA,SG,68,59,1651,4.8,11,0.432,2.9,6.9,0.415,1.9,4.1,0.46,1.1,1.4,0.794,0.5,4.4,5,2.3,1.4,1.3,1.7,2.3,13.5,3762500
watsocj01,2013,NBA,PG,63,5,1193,4.4,10.1,0.437,1.6,4.4,0.366,2.8,5.7,0.492,2.1,2.7,0.784,0.6,2.5,3,3.2,1.8,0.2,1.8,2,12.5,2016000
wrighbr03,2013,NBA,C,58,0,1077,7.5,11.1,0.677,0,0,,7.5,11.1,0.677,2.6,3.5,0.726,3.4,4.7,8.2,1,1.1,1.8,1.2,3.1,17.5,5000000
kamanch01,2013,NBA,C,39,13,736,8.6,16.9,0.509,0,0.1,0,8.6,16.8,0.513,2.5,3.3,0.765,2.6,8.6,11.2,2.8,0.5,2,3.6,4.5,19.8,3183000
villach01,2013,NBA,PF,20,0,180,7,18.4,0.38,2.8,11.2,0.25,4.2,7.2,0.583,1.6,2.8,0.571,1.2,5.6,6.8,1.2,0.8,1,1.4,3.2,18.4,8580000
davised01,2013,NBA,PF,63,4,956,5.8,10.9,0.534,0,0,,5.8,10.9,0.534,1.8,3.4,0.528,3.5,6.3,9.8,1,0.6,1.6,1.5,4.3,13.4,3153860
martike01,2013,NBA,PF,32,15,633,3.6,7,0.512,0,0.1,0,3.6,6.9,0.516,0.6,1.1,0.579,2,5.6,7.6,2.8,1.4,1.5,1.5,4.8,7.8,1399507
thompja02,2013,NBA,PF,82,61,2007,4.5,8.9,0.506,0,0,,4.5,8.9,0.506,1.5,2.6,0.579,2.7,6.7,9.5,1,0.6,1,1.7,4.5,10.5,5643750
drumman01,2013,NBA,C,81,81,2619,6.6,10.6,0.623,0,0,0,6.6,10.5,0.625,1.9,4.5,0.418,6,8.7,14.7,0.5,1.4,1.8,1.5,3.8,15.1,2462400
mayooj01,2013,NBA,SG,52,23,1346,6,14.7,0.407,2.2,6.1,0.37,3.7,8.6,0.433,2,2.4,0.864,0.6,2.7,3.3,3,0.7,0.3,2.5,3,16.3,8000000
evansty01,2013,NBA,SF,72,22,2028,6.9,15.9,0.436,0.4,1.7,0.221,6.6,14.2,0.461,4.2,5.5,0.771,1.3,4.7,6.1,6.4,1.5,0.4,3.1,2.8,18.5,10300000
thompkl01,2013,NBA,SG,81,81,2868,7,15.8,0.444,2.8,6.7,0.417,4.2,9.1,0.464,1.8,2.3,0.795,0.5,2.6,3.1,2.3,0.9,0.5,1.7,2.9,18.7,2317920
hicksjj01,2013,NBA,PF,69,52,1859,6.4,12.7,0.508,0,0.2,0,6.4,12.5,0.514,2.9,5.6,0.517,4,8.2,12.2,1.9,0.9,1,2.5,3.4,15.8,5150000
meeksjo01,2013,NBA,SG,77,70,2556,5.8,12.6,0.463,2.3,5.7,0.401,3.5,6.9,0.514,3.1,3.6,0.857,0.4,2.3,2.7,1.9,1.6,0.1,1.6,1.7,17,1550000
gordoer01,2013,NBA,SG,64,64,2057,6.2,14.3,0.436,1.8,4.5,0.391,4.5,9.8,0.456,3.1,3.9,0.785,0.5,2.4,2.9,3.6,1.3,0.2,2.3,2,17.3,14283844
maxieja01,2013,NBA,PF,34,13,488,3.5,7.7,0.448,0,0,,3.5,7.7,0.448,1.1,2.3,0.484,2.1,4.3,6.3,0.7,0.6,1.5,1,3.5,8,2500000
morroan01,2013,NBA,SG,76,9,1426,6,13.1,0.458,2.2,4.9,0.451,3.8,8.2,0.462,1.8,2.2,0.828,0.7,2.8,3.5,1.5,1,0.3,1.3,2.6,16.1,1027424
chandwi01,2013,NBA,SF,62,55,1927,5.7,13.8,0.416,2.3,6.6,0.348,3.5,7.2,0.478,2.1,2.8,0.724,1.1,4.4,5.5,2.1,0.9,0.6,1.5,3.6,15.8,6344164
mohamna01,2013,NBA,C,80,1,562,3.5,8.1,0.429,0,0,,3.5,8.1,0.429,1,1.9,0.533,4.2,7,11.2,1.3,0.9,1.9,2.4,4.9,7.9,1399507
belinma01,2013,NBA,SF,80,25,2016,6,12.4,0.485,2.3,5.2,0.43,3.8,7.2,0.525,2,2.3,0.847,0.3,3.7,4,3.2,0.9,0.1,1.7,2.3,16.3,2750000
gomesry01,2013,NBA,SF,5,0,34,3.2,8.5,0.375,0,2.1,0,3.2,6.4,0.5,0,0,,0,4.2,4.2,1.1,0,0,1.1,5.3,6.4,1186459
holidjr01,2013,NBA,PG,34,34,1143,6.4,14.3,0.447,0.9,2.4,0.39,5.4,11.9,0.459,1.6,2,0.81,0.9,3.6,4.5,8.4,1.8,0.4,3.3,2.9,15.3,9213484
blatcan01,2013,NBA,PF,73,7,1618,7.1,15,0.476,0.3,1.2,0.278,6.8,13.8,0.494,3.6,4.9,0.742,2.7,6,8.7,2.5,1.7,0.8,2.4,3.7,18.3,1375604
hansbty01,2013,NBA,PF,64,4,978,3.4,7.2,0.474,0,0.1,0,3.4,7.1,0.479,4.6,6.8,0.681,4.4,6.1,10.6,0.6,1,0.7,1.7,4.9,11.5,3183000
milescj01,2013,NBA,SG,51,34,984,6.5,15,0.435,3,7.7,0.393,3.5,7.2,0.48,2.3,2.7,0.853,0.7,3.1,3.8,1.9,1.7,0.5,1.6,3.8,18.4,2225000
speigma01,2013,NBA,C,79,3,982,7.1,16.2,0.441,0.3,1.1,0.258,6.9,15.1,0.455,4,4.9,0.821,3.7,6.9,10.6,1.2,0.4,1.2,2.4,5.4,18.6,3500000
turiaro01,2013,NBA,C,31,10,606,3.8,6.4,0.598,0,0,,3.8,6.4,0.598,1.2,3,0.42,3.3,7.1,10.3,1.4,0.5,3,1.4,3.9,8.9,1500000
blairde01,2013,NBA,PF,78,13,1214,6.2,11.7,0.534,0,0.1,0,6.2,11.6,0.537,2.3,3.6,0.636,4.1,6.8,10.9,2.1,1.8,0.6,2.3,5.7,14.7,947907
boganke01,2013,NBA,SG,6,0,55,2,3.9,0.5,2,3.9,0.5,0,0,,2,2,1,0,2,2,2,0.7,0,0.7,1.3,7.9,5058198
hawessp01,2013,NBA,C,80,78,2470,5.9,12.9,0.456,1.9,4.5,0.416,4,8.4,0.478,1.7,2.2,0.783,1.9,7.7,9.6,3.5,0.6,1.4,2.5,3.5,15.3,6500000
thomptr01,2013,NBA,PF,82,82,2594,5,10.6,0.477,0,0,0,5,10.5,0.478,3.3,4.7,0.693,3.7,6.7,10.5,1,0.6,0.5,1.5,2.6,13.3,4062000
valanjo01,2013,NBA,C,81,81,2282,5.7,10.7,0.531,0,0,0,5.7,10.6,0.532,3.1,4.1,0.762,3.6,7.7,11.3,0.9,0.4,1.1,2.1,3.9,14.5,3526440
vucevni01,2013,NBA,C,57,57,1812,7,13.8,0.507,0,0,,7,13.8,0.507,2.1,2.7,0.766,3.7,8.8,12.4,2.1,1.2,0.9,2.2,3.4,16.1,1793520
livinsh01,2013,NBA,PG,76,54,1974,4.3,8.9,0.483,0,0.1,0.167,4.3,8.8,0.486,2.9,3.5,0.827,1.2,3.3,4.5,4.5,1.7,0.6,1.9,3.1,11.5,1272279
pekovni01,2013,NBA,C,54,54,1663,8.2,15.2,0.541,0,0,,8.2,15.2,0.541,4,5.4,0.747,4.5,5.7,10.1,1.1,0.6,0.5,1.8,2.8,20.4,12100000
bargnan01,2013,NBA,C,42,39,1257,6.4,14.4,0.442,0.9,3.1,0.278,5.5,11.3,0.487,2.4,2.9,0.824,2,4.4,6.4,1.3,0.4,1.5,1.7,2.9,16,11862500
davisgl01,2013,NBA,PF,68,44,1662,5.9,12.8,0.457,0.1,0.2,0.364,5.8,12.6,0.459,2.1,3,0.693,2.3,5.3,7.6,1.7,1.3,0.6,1.6,3.4,13.9,6400000
evansre01,2013,NBA,PF,54,20,899,2.8,6,0.473,0,0,,2.8,6,0.473,2.9,5.2,0.554,4.6,8.8,13.4,0.8,1.5,0.1,2.3,4.8,8.6,1695635
mcgeeja01,2013,NBA,C,5,5,79,7.7,17.3,0.447,0,0,,7.7,17.3,0.447,0.5,0.5,1,4.6,3.2,7.7,0.9,0.5,3.2,3.6,7.3,15.9,10750000
mbahalu01,2013,NBA,PF-SF,64,7,1003,3.1,6.9,0.451,0.1,0.6,0.235,3,6.3,0.472,1.7,2.4,0.687,2,3.2,5.2,1.3,1.1,0.5,1.4,2.4,8,4588384
asikom01,2013,NBA,C,48,19,968,3.8,7.1,0.532,0,0,,3.8,7.1,0.532,2.9,4.7,0.619,3.8,10.3,14.1,0.9,0.5,1.4,2.2,3.4,10.4,8374646
garcifr01,2013,NBA,SF,55,4,1083,3.9,9.8,0.401,2.3,6.4,0.358,1.6,3.4,0.485,0.3,0.6,0.526,0.7,3.4,4.1,2.1,0.9,1.1,1,4,10.5,1265977
pattepa01,2013,NBA,PF,65,13,1533,5.3,11.5,0.46,1.3,3.5,0.364,4,7.9,0.503,1.2,1.7,0.704,2.7,5.3,8,1.8,1.3,0.9,1.5,3.7,13,3105302
brookaa01,2013,NBA,PG,72,12,1557,5.4,13.4,0.401,2.2,5.7,0.387,3.2,7.7,0.411,1.9,2.2,0.874,1,2.2,3.2,5.4,1.2,0.3,2.7,3.4,14.9,1027424
brookaa01,2013,NBA,PG,72,12,1557,5.4,13.4,0.401,2.2,5.7,0.387,3.2,7.7,0.411,1.9,2.2,0.874,1,2.2,3.2,5.4,1.2,0.3,2.7,3.4,14.9,3396250
thornma01,2013,NBA,SG,72,27,1741,5.2,13.2,0.394,2.3,6.5,0.345,3,6.7,0.443,1.9,2.3,0.804,1.2,2.9,4.1,1.6,1.2,0.2,1.4,2.3,14.5,8050000
koufoko01,2013,NBA,C,80,22,1349,6.1,12.2,0.495,0,0,,6.1,12.2,0.495,1.6,2.5,0.645,4.3,6.9,11.2,1,0.9,1.9,1.8,4.9,13.7,3000000
mcrobjo01,2013,NBA,PF,78,78,2360,3.8,8.6,0.436,1.6,4.4,0.361,2.2,4.2,0.516,0.9,1.3,0.729,1.3,4.4,5.7,5.1,0.9,0.7,1.3,2.9,10.1,2652000
carrode01,2013,NBA,SF,73,73,2341,4.6,9.9,0.47,1.5,4.1,0.362,3.2,5.8,0.548,1.7,2.2,0.773,1.6,4.6,6.2,2.1,1.7,0.3,1.2,2.9,12.5,2557545
breweco01,2013,NBA,SF,81,81,2609,5.4,11.1,0.481,0.8,2.9,0.28,4.5,8.2,0.552,2.2,3.1,0.718,0.9,2,2.9,1.9,2.1,0.4,1.4,2.9,13.8,4500000
booketr01,2013,NBA,PF,72,45,1553,5.1,9.3,0.551,0,0,0,5.1,9.3,0.554,1.1,1.8,0.618,3.5,5.3,8.8,1.5,1,1,1.3,3,11.4,2350820
linje01,2013,NBA,PG,71,33,2054,5.2,11.6,0.446,1.4,4,0.358,3.7,7.6,0.492,3.8,4.6,0.823,0.6,2.7,3.3,5.2,1.2,0.5,3.1,2.9,15.6,8374646
cunnida01,2013,NBA,PF,81,7,1635,5.2,11.2,0.464,0,0.1,0,5.2,11.1,0.468,0.8,1.5,0.567,2.5,4.8,7.3,1.8,1.4,1.3,0.9,3.2,11.2,2180000
bayleje01,2013,NBA,PG,72,19,1686,5.3,13.2,0.402,1.6,4.5,0.358,3.7,8.6,0.425,2,2.5,0.797,0.5,2.6,3.1,4.1,1.3,0.2,1.8,3.4,14.2,3135000
bledser01,2013,NBA,PG,43,40,1416,6.7,14.1,0.477,1.3,3.6,0.357,5.5,10.6,0.517,4.7,6,0.772,0.7,4.4,5.1,6,1.8,0.4,3.6,2.5,19.4,2626473
outlatr01,2013,NBA,SF,63,4,1065,4.4,11,0.399,1.4,4,0.35,3,7.1,0.426,1.4,1.8,0.808,1.2,4.5,5.7,1.6,0.7,0.6,0.9,3.2,11.6,3000000
bareajo01,2013,NBA,PG,79,1,1471,6.2,16.1,0.387,1.8,5.7,0.316,4.4,10.4,0.426,1.9,2.4,0.79,0.4,3.4,3.8,7.4,0.6,0,3.1,3.2,16.2,4687000
walkeke02,2013,NBA,PG,73,73,2614,6.2,15.7,0.393,1.5,4.5,0.333,4.7,11.2,0.417,3.9,4.6,0.837,0.5,3.7,4.2,6.2,1.2,0.4,2.3,1.8,17.8,2568360
anthojo01,2013,NBA,C,33,0,186,2.3,6.2,0.375,0,0,,2.3,6.2,0.375,0.8,1.5,0.5,2.9,4.5,7.4,0.4,0.6,2.3,0.6,3.3,5.4,3800000
jerebjo01,2013,NBA,PF,64,0,741,4.8,10.1,0.471,1.5,3.6,0.419,3.3,6.5,0.5,2.1,2.9,0.729,2.5,6,8.5,1.9,1,0.3,2.1,4.1,13.1,4500000
novakst01,2013,NBA,PF,54,1,540,4,9.7,0.411,3.5,8.1,0.426,0.5,1.6,0.333,0.4,0.4,1,0.5,3.3,3.9,0.9,0.8,0.3,0.3,2.9,11.9,3750000
hendege02,2013,NBA,SG,77,77,2461,5.9,13.6,0.433,0.6,1.7,0.348,5.3,11.9,0.445,3.4,4.5,0.761,0.5,4.1,4.5,2.9,0.7,0.5,1.7,2.3,15.8,6000000
morrima02,2013,NBA,PF,81,0,2153,6.9,14.1,0.486,0.6,1.8,0.315,6.3,12.3,0.512,4.3,5.5,0.792,2.3,5.8,8.1,2.4,1.1,0.9,2.5,3.9,18.6,2091840
tuckepj01,2013,NBA,SF,81,81,2490,3.8,8.9,0.431,1.1,2.8,0.387,2.8,6.1,0.45,2.3,2.9,0.776,2.3,5.3,7.6,2,1.6,0.3,1.5,2.9,11,884293
mahinia01,2013,NBA,C,77,1,1248,2.6,5.5,0.481,0,0,0,2.6,5.4,0.484,2.6,4.2,0.621,3.1,4.3,7.4,0.7,1.2,2.1,1.7,6,7.8,4000000
tollian01,2013,NBA,PF,64,9,1298,3.6,8.5,0.42,2.8,6.9,0.413,0.7,1.7,0.45,0.9,1.1,0.805,0.9,3.7,4.7,1.2,0.5,0.4,0.6,2.3,10.9,1027424
youngni01,2013,NBA,SG,64,9,1810,7.7,17.7,0.435,2.7,7,0.386,5,10.7,0.468,4.7,5.7,0.825,0.6,2.7,3.3,1.9,0.9,0.2,1.9,3.1,22.8,1106942
greendr01,2013,NBA,SF,82,12,1797,3.7,9.2,0.407,1.1,3.3,0.333,2.6,5.9,0.449,1.6,2.5,0.667,1.7,6.5,8.2,3,2,1.4,1.8,4.6,10.2,875500
farmajo01,2013,NBA,PG,41,5,912,6,14.4,0.415,2.8,6.3,0.438,3.2,8.1,0.397,1.7,2.3,0.746,0.8,3.3,4.1,7.9,1.5,0.3,3.7,2.6,16.4,1106941
vasqugr01,2013,NBA,SG-PG,79,23,1779,5.6,13.3,0.421,2.2,5.8,0.377,3.4,7.5,0.455,1.9,2.2,0.88,0.4,3.1,3.5,6.5,0.6,0.1,2.6,2.9,15.3,2150188
greenwi01,2013,NBA,SG,55,9,869,4.2,11.2,0.376,1.7,5,0.339,2.5,6.2,0.407,1.2,1.4,0.824,0.5,2.7,3.2,2.1,0.9,0.5,1.4,4,11.3,1399507
barneha02,2013,NBA,SF,78,24,2204,4.4,11.1,0.399,1.1,3.1,0.347,3.3,8,0.419,2.1,3,0.718,1.1,4,5.1,1.9,1.1,0.3,1.4,2.6,12.1,2923920
kanteen01,2013,NBA,C,80,37,2138,7.1,14.4,0.491,0,0,0,7.1,14.3,0.492,2.5,3.4,0.73,3.7,6.3,10.1,1.3,0.5,0.7,2.4,3.9,16.6,4505280
mozgoti01,2013,NBA,C,82,30,1770,5.8,11.1,0.523,0.1,0.5,0.167,5.7,10.6,0.539,4,5.3,0.754,3.5,7.3,10.7,1.3,0.5,2,2.5,4.3,15.7,4400000
budinch01,2013,NBA,SF,41,8,751,4.8,12.2,0.394,2,5.8,0.35,2.8,6.4,0.433,1.5,1.9,0.821,0.9,4,4.9,1.5,0.9,0.1,1.2,2.8,13.1,5000000
hilljo01,2013,NBA,PF,72,32,1500,6.9,12.5,0.549,0,0,0,6.9,12.5,0.55,3,4.3,0.685,4.7,8.2,12.8,1.3,0.7,1.5,1.8,4.1,16.7,3563600
jacksre01,2013,NBA,PG,80,36,2277,6.4,14.5,0.44,1.3,3.9,0.339,5.1,10.6,0.477,2.5,2.8,0.893,0.7,4.3,4.9,5.2,1.3,0.1,2.7,2.2,16.6,1260360
greenge01,2013,NBA,SG,82,48,2330,6.9,15.5,0.445,3.2,7.9,0.4,3.8,7.7,0.492,3,3.6,0.848,0.7,3.5,4.2,1.9,1.1,0.6,2.2,3.4,20,3500000
harrito02,2013,NBA,PF,61,36,1850,6.5,13.9,0.464,0.6,2.5,0.254,5.8,11.5,0.508,3.8,4.7,0.807,1.7,6.5,8.3,1.6,0.8,0.5,1.5,2.8,17.4,1545840
casspom01,2013,NBA,PF,71,2,1283,4.9,11.5,0.422,1.7,4.9,0.347,3.1,6.6,0.479,2.3,3.4,0.68,1.5,5.8,7.3,2.5,1.2,0.4,2,2.8,13.7,947907
aminual01,2013,NBA,SF,80,65,2045,4.1,8.7,0.474,0.2,0.8,0.271,3.9,7.9,0.496,1.6,2.4,0.664,2.3,6.5,8.7,2,1.4,0.7,1.5,2.6,10.1,3700000
stephla01,2013,NBA,SG,78,78,2752,5.6,11.4,0.491,1.1,3.2,0.352,4.5,8.2,0.545,1.8,2.6,0.711,1.2,6.1,7.3,4.7,0.7,0.1,2.7,2.6,14.1,1005000
rubiori01,2013,NBA,PG,82,82,2638,3.5,9.1,0.381,0.6,1.8,0.331,2.9,7.3,0.393,3.1,3.9,0.802,0.8,3.8,4.7,9.6,2.6,0.2,3,3,10.7,4002120
watsoea01,2013,NBA,PG,24,0,161,0.7,2.5,0.273,0.4,1.6,0.286,0.2,0.9,0.25,0.9,0.9,1,1.1,2.2,3.4,6.3,1.1,0.2,3.8,7.4,2.7,1399507
zellety01,2013,NBA,C,70,9,1049,5.4,10,0.538,0,0,0,5.4,9.9,0.54,3,4.2,0.719,3.5,6.1,9.7,1.2,0.6,1.3,2.1,4.7,13.7,1633440
joneste01,2013,NBA,PF,76,71,2078,6.7,12.3,0.542,0.5,1.7,0.307,6.2,10.6,0.581,2,3.4,0.605,2.8,6.3,9.1,1.5,0.9,1.7,1.2,2.4,16,1551840
bealbr01,2013,NBA,SG,73,73,2530,6.8,16.3,0.419,2,4.9,0.402,4.9,11.5,0.426,2.1,2.7,0.788,0.8,3.1,3.9,3.5,1,0.3,1.8,2.2,17.8,4319280
turneev01,2013,NBA,SF,81,56,2457,6.4,15,0.425,0.7,2.3,0.321,5.6,12.7,0.444,3.1,3.8,0.813,0.9,5.1,6,3.8,1,0.1,2.8,2.9,16.6,6679867
sullija01,2013,NBA,PF,74,44,2041,6.8,15.9,0.427,1,3.7,0.269,5.8,12.2,0.475,2.8,3.6,0.778,4.3,6.3,10.6,2.1,0.6,0.9,2.1,4.4,17.3,1365720
fieldla01,2013,NBA,SF,30,2,322,3,7.5,0.403,0,0.6,0,3,6.9,0.435,1.6,2.5,0.636,1.7,4.9,6.6,2.2,1.1,0.3,1.2,2.8,7.6,6250000
middlkh01,2013,NBA,SF,82,64,2460,5.5,12.5,0.44,1.8,4.2,0.414,3.7,8.3,0.454,1.7,2,0.861,0.9,3.7,4.5,2.5,1.2,0.3,1.8,3.6,14.5,788872
sandela01,2013,NBA,C,23,20,584,4.7,10,0.469,0,0.1,0,4.7,9.9,0.472,1.6,3.4,0.473,3.7,6.5,10.2,1.2,1.1,2.5,1.6,4.6,11,3053368
beaslmi01,2013,NBA,SF,55,2,831,7.7,15.4,0.499,0.9,2.3,0.389,6.8,13,0.518,2.6,3.4,0.772,1.3,6.1,7.5,1.8,1,0.9,2.5,4,18.9,1027424
beaslmi01,2013,NBA,SF,55,2,831,7.7,15.4,0.499,0.9,2.3,0.389,6.8,13,0.518,2.6,3.4,0.772,1.3,6.1,7.5,1.8,1,0.9,2.5,4,18.9,4666667
millspa02,2013,NBA,PG,81,2,1527,7.3,15.7,0.464,3.2,7.5,0.425,4.1,8.2,0.5,1.7,1.9,0.89,0.8,3.2,4,3.5,1.6,0.2,1.5,2.7,19.5,1133950
beverpa01,2013,NBA,PG,56,55,1751,4.1,9.9,0.414,1.9,5.2,0.361,2.2,4.6,0.473,1.7,2.1,0.814,1.5,2.5,4,3.1,1.6,0.5,1.4,3.6,11.8,788872
morrima03,2013,NBA,SF,82,1,1800,5.8,13,0.442,2,5.2,0.381,3.8,7.8,0.483,2.4,3.2,0.761,1.7,4.7,6.4,1.8,1.4,0.4,1.9,3.1,15.9,1987320
smithja02,2013,NBA,PF,31,27,830,5.7,12.2,0.465,0,0,,5.7,12.2,0.465,1.7,2.2,0.78,2.2,5.6,7.9,1.3,0.5,1.3,1.2,4.3,13.1,2500000
goberru01,2013,NBA,C,45,0,434,3,6.1,0.486,0,0,,3,6.1,0.486,2.7,5.4,0.492,4.2,8.6,12.9,0.6,0.7,3.4,2.7,4.7,8.6,1078800
knighbr03,2013,NBA,PG,72,69,2400,6.9,16.4,0.422,1.6,5.1,0.325,5.3,11.3,0.466,3.9,4.8,0.802,0.7,3.1,3.8,5.3,1,0.3,2.8,2.2,19.4,2793960
willide02,2013,NBA,SF-PF,78,15,1820,4.1,9.5,0.427,0.5,2,0.263,3.6,7.6,0.47,3.7,5.1,0.718,1.4,5,6.4,1.1,0.9,0.4,1.5,2.3,12.3,5016960
holliry01,2013,NBA,PF,61,0,482,4,5.4,0.736,0,0,,4,5.4,0.736,2.6,4.2,0.625,2.3,4.4,6.7,0.6,0.7,2.3,2.2,6.5,10.5,1186459
nealga01,2013,NBA,SG,52,3,1114,6.2,15.2,0.41,2.2,5.8,0.378,4,9.4,0.43,3,3.4,0.895,0.3,2.6,2.9,2.7,0.6,0,2.1,2.1,17.7,3250000
plumlma01,2013,NBA,C,70,22,1275,5.6,8.5,0.659,0,0.1,0,5.6,8.4,0.666,3.4,5.5,0.626,2.8,5.9,8.7,1.7,1.4,1.6,2.2,4.8,14.7,1298640
biyombi01,2013,NBA,C,77,9,1072,3,4.8,0.611,0,0,,3,4.8,0.611,1.5,3,0.517,3.5,8.8,12.3,0.3,0.2,2.9,1.3,4.2,7.5,3049920
brownsh01,2013,NBA,SG,29,1,251,3.4,9.5,0.364,0,0.3,0,3.4,9.2,0.375,2.2,3,0.714,1,3,4,1.3,1.9,0,2.6,3.4,9,3500000
douglto01,2013,NBA,PG,51,17,675,3.9,10.1,0.384,1.7,5.4,0.304,2.2,4.7,0.477,1.3,1.8,0.735,1,3.7,4.6,3.6,1,0.3,1.8,4.3,10.8,1600000
pondequ01,2013,NBA,SG,15,2,270,4.1,10.5,0.392,1.5,4.5,0.324,2.7,6,0.444,2.8,3.5,0.808,1.3,2.1,3.5,2.7,0.7,0.1,2,2.4,12.5,2225479
arthuda01,2013,NBA,SF,68,1,1161,5,12.7,0.395,0.7,2,0.375,4.3,10.7,0.399,1.6,1.9,0.855,1.6,4.9,6.5,1.9,1.2,1.5,1.8,5.7,12.4,3231683
kiddgmi01,2013,NBA,SF,62,62,1502,4,8.5,0.473,0,0.2,0.111,4,8.2,0.483,2.7,4.4,0.614,2.6,5.2,7.8,1.2,1,0.9,1.4,3.5,10.7,4809840
prigipa01,2013,NBA,PG,66,27,1283,2.5,5.4,0.461,1.8,3.9,0.464,0.6,1.4,0.451,0.3,0.3,0.917,1,2.6,3.6,6.4,1.9,0.1,1.7,3.7,7.1,1591350
rushbr01,2013,NBA,SG,38,0,418,2.6,7.8,0.333,1.4,4,0.34,1.2,3.7,0.326,0.3,0.4,0.6,0.4,3.4,3.8,2.1,0.4,0.8,1.7,2.7,6.8,4000000
hensojo01,2013,NBA,PF,70,23,1856,6.7,12.4,0.538,0,0,0,6.7,12.4,0.539,1.8,3.4,0.514,3.3,6.3,9.6,2.2,0.8,2.3,2.2,3.6,15.1,1905360
singlky01,2013,NBA,SF,82,36,2337,4.1,9.3,0.447,1.4,3.8,0.382,2.7,5.5,0.492,2.3,2.8,0.826,1.8,2.9,4.7,1.2,0.9,0.6,1.2,3.3,12.1,1045000
allenla01,2013,NBA,PF,65,2,1072,4.5,10.1,0.447,0.1,0.4,0.154,4.4,9.6,0.46,1.1,1.7,0.66,4,6.4,10.4,2.4,0.8,1.1,1.5,4.2,10.2,3060000
josepco01,2013,NBA,SG,68,19,936,4.8,10.2,0.475,0.5,1.5,0.316,4.4,8.7,0.502,3,3.7,0.823,1.2,2.9,4.1,4.4,1.3,0.5,1.7,3.2,13.2,1120920
geeal01,2013,NBA,SF,65,24,1020,3.5,8.3,0.415,0.7,2,0.328,2.8,6.3,0.444,1.5,2.2,0.705,1.2,4,5.3,1.7,1.4,0.5,1.6,3.4,9.1,3250000
shumpim01,2013,NBA,SG,74,58,1962,3.4,8.9,0.378,1.4,4.2,0.333,2,4.7,0.418,1,1.3,0.746,1.5,4.2,5.7,2.4,1.7,0.2,1.4,3.8,9.1,1703760
crowdja01,2013,NBA,SF,78,8,1254,3.7,8.5,0.439,1.4,4.3,0.331,2.3,4.2,0.552,1.3,1.8,0.754,1.3,4.2,5.6,1.7,1.7,0.6,1.2,2.9,10.2,788872
evansje01,2013,NBA,SF,66,4,1209,5.2,9.9,0.527,0,0.1,0,5.2,9.8,0.53,1.5,2.2,0.68,3.6,5.7,9.2,1.3,1.3,1.4,1.2,4.1,11.9,1660257
rosste01,2013,NBA,SG,81,62,2159,5.3,12.5,0.423,2.7,6.8,0.395,2.6,5.7,0.458,1.4,1.6,0.837,0.7,3.5,4.2,1.3,1.1,0.5,1.5,3.1,14.7,2678640
antetgi01,2013,NBA,SF,77,23,1897,3.3,7.9,0.414,0.8,2.2,0.347,2.5,5.7,0.44,2.6,3.8,0.683,1.5,5,6.4,2.8,1.1,1.2,2.3,3.3,10,1792560
burksal01,2013,NBA,SG,78,12,2193,6.2,13.6,0.457,0.8,2.3,0.35,5.4,11.3,0.48,4.6,6.1,0.748,1,3.3,4.2,3.5,1.1,0.2,2.4,3.1,17.9,2202000
odengr01,2013,NBA,C,23,6,212,4.6,8.3,0.551,0,0,,4.6,8.3,0.551,2.2,3.9,0.565,3.9,5.3,9.2,0.2,1.2,2.2,2,8.8,11.4,1027424
dienggo01,2013,NBA,C,60,15,818,5,10,0.498,0,0,1,4.9,9.9,0.496,2.6,4.1,0.634,4.5,8.7,13.2,1.7,1.3,2.2,2.4,4.8,12.6,1352640
adamsst01,2013,NBA,C,81,20,1197,2.8,5.6,0.503,0,0,,2.8,5.6,0.503,2.4,4.1,0.581,4.3,5.7,10,1.3,1.2,1.7,2.1,6.1,8,2090880
anderal01,2013,NBA,SF,78,26,1773,3.9,9.8,0.4,1.7,5,0.339,2.2,4.8,0.464,1.9,2.4,0.78,0.8,2.7,3.6,1.6,1,0.2,1.3,3,11.5,947907
bynumwi01,2013,NBA,PG,56,3,1054,6.3,14.7,0.428,0.7,2.1,0.323,5.6,12.6,0.446,3.3,4.1,0.802,0.8,2.6,3.4,7.4,1.3,0.2,3.5,4.1,16.6,2790343
motiedo01,2013,NBA,PF,62,3,952,5,11.2,0.443,0.8,3.2,0.25,4.2,8,0.519,2.2,3.6,0.604,2.3,6.2,8.5,1.3,0.8,0.8,1.9,5,12.9,1422720
bradlav01,2013,NBA,PG,60,58,1855,7,16,0.438,1.5,3.9,0.395,5.5,12.1,0.451,1.7,2.2,0.804,0.9,3.5,4.4,1.6,1.2,0.2,1.9,2.8,17.3,2511432
ellinwa01,2013,NBA,SG,45,1,393,5,11.5,0.437,2.3,5.4,0.424,2.7,6.1,0.448,0.9,1,0.909,0.7,3.2,3.9,1.7,1.5,0.2,1,3,13.3,2652000
olynyke01,2013,NBA,C,70,9,1400,6,12.9,0.466,1,2.9,0.351,5,10,0.5,2.5,3.1,0.811,3.6,5.8,9.4,2.8,0.9,0.7,2.7,5.8,15.6,1986360
plumlmi01,2013,NBA,C,80,79,1964,5.2,10.1,0.517,0,0,,5.2,10.1,0.517,1.4,2.4,0.561,3.6,7.8,11.5,0.8,0.9,1.6,2,3.4,11.8,1121520
zelleco01,2013,NBA,C,82,3,1416,4.4,10.3,0.426,0,0,0,4.4,10.2,0.427,3.7,5.1,0.73,3,6,9,2.3,1,1,2.2,4.3,12.5,3857040
grayaa01,2013,NBA,C,37,6,355,2.7,6.2,0.443,0,0.1,0,2.7,6.1,0.45,1.1,2,0.55,4.3,7,11.3,2.2,1,0.8,3.1,6.5,6.6,2690875
willire02,2013,NBA,SF,3,0,17,10.6,19.1,0.556,2.1,6.4,0.333,8.5,12.7,0.667,0,0,,0,0,0,2.1,2.1,0,4.2,2.1,23.3,947907
pendeje02,2013,NBA,PF,73,10,952,3.8,6.6,0.58,0,0,,3.8,6.6,0.58,1.4,2.1,0.691,3.4,6.4,9.8,2.3,0.5,0.9,2.4,5.5,9.1,1750000
roberbr01,2013,NBA,PG,72,42,1667,5.3,12.5,0.42,1.4,3.8,0.36,3.9,8.7,0.447,2.7,2.9,0.94,0.4,2.6,2.9,5.1,0.9,0.2,2.1,2.9,14.6,788872
scottmi01,2013,NBA,PF,80,6,1482,7.3,15.3,0.479,1.5,4.9,0.31,5.8,10.4,0.558,2.5,3.2,0.78,1.5,5.4,6.9,1.8,0.7,0.2,1.9,2.9,18.6,788872
stiemgr01,2013,NBA,C,55,20,1007,2.5,4.4,0.574,0,0,0,2.5,4.3,0.579,0.7,1.1,0.594,2.6,5.5,8.1,1.3,1.3,2,1.6,6,5.7,2676000
leoname01,2013,NBA,C,40,0,355,4.2,9.2,0.451,0,0.6,0,4.2,8.6,0.482,1.6,2.1,0.762,2.6,8.6,11.3,1.8,0.7,0.5,1.5,7.7,9.9,2222160
randoan01,2013,NBA,PF,43,5,527,4.6,12,0.386,1.2,4.2,0.295,3.4,7.9,0.435,3.6,4.7,0.754,1.4,7,8.3,2.2,1.8,1.3,2.7,4.4,14.1,1750000
udohek01,2013,NBA,PF,42,14,804,2.6,6.4,0.399,0,0,,2.6,6.4,0.399,1.3,2.1,0.638,2.7,3.9,6.6,1.4,0.7,2,1.7,4.3,6.4,4469548
johnswe01,2013,NBA,SF,79,62,2240,4.5,10.5,0.425,1.6,4.4,0.369,2.8,6.1,0.466,1,1.2,0.792,1.1,4.5,5.6,2,1.4,1.2,1.4,3.3,11.5,916099
harklma01,2013,NBA,SF,80,41,1950,4.1,8.9,0.464,1.1,2.8,0.383,3,6.1,0.502,1.6,2.6,0.594,1.3,3.6,4.9,1.5,1.8,0.9,1.6,2.6,10.9,1809840
oquinky01,2013,NBA,C,69,19,1188,5.6,11.2,0.501,0,0.1,0,5.6,11.2,0.505,1.7,2.5,0.687,3,8,11,2.4,1.2,2.7,2.4,5,13,788872
smithgr02,2013,NBA,C,11,0,100,6.5,10.1,0.643,0,0,,6.5,10.1,0.643,0.7,1.8,0.4,4,5.8,9.7,0,0.4,0.7,1.8,6.1,13.7,884293
crawfjo02,2013,NBA,SG,81,35,1859,6.3,15.3,0.415,1.7,5.5,0.316,4.6,9.7,0.471,2.8,3.3,0.864,0.5,3,3.5,5.4,0.9,0.1,2.6,2.3,17.2,2162419
ayongu01,2013,NBA,C,26,14,429,4.4,8.6,0.51,0,0,,4.4,8.6,0.51,0.7,1.7,0.4,3.5,7,10.5,2.3,2.1,0.8,2.4,3.9,9.4,1500000
lambje01,2013,NBA,SG,78,0,1538,6.2,14.3,0.432,2.1,5.8,0.356,4.1,8.5,0.483,1.2,1.5,0.797,0.6,3.8,4.4,2.7,1.3,0.6,1.4,3.3,15.6,2111160
serapke01,2013,NBA,C,53,1,578,6.9,13.7,0.505,0,0,,6.9,13.7,0.505,1.7,1.9,0.871,3.3,4.7,8,1.1,0.2,1.6,2.6,6.4,15.5,2761114
macksh01,2013,NBA,PG,73,11,1490,5,12.1,0.417,1.5,4.4,0.337,3.6,7.7,0.464,1.5,1.8,0.865,0.5,3.4,3.9,6.5,1.2,0,2.2,2.4,13.1,884293
oladivi01,2013,NBA,PG,80,44,2487,5.7,13.5,0.419,1.1,3.3,0.327,4.6,10.3,0.448,3.6,4.6,0.78,0.6,4.1,4.8,4.7,1.9,0.5,3.7,3,16,4763760
thabeha01,2013,NBA,C,23,0,192,2.4,4.3,0.565,0,0,,2.4,4.3,0.565,0.2,0.9,0.2,1.7,5.8,7.5,0.2,0.7,1.7,2.6,8.8,5.1,1200000
baynear01,2013,NBA,C,53,4,491,5.2,12,0.436,0,0,,5.2,12,0.436,1.4,1.5,0.905,4.2,6.5,10.6,2.5,0.1,0.4,2.6,5.6,11.8,788872
caldwke01,2013,NBA,SG,80,41,1583,4.1,10.5,0.396,1.3,4.2,0.319,2.8,6.3,0.447,1.1,1.4,0.77,0.9,2.7,3.5,1.3,1.7,0.3,0.6,3.3,10.7,2653080
pargoja01,2013,NBA,PG,29,0,242,7.7,17.6,0.441,3.6,8.9,0.4,4.2,8.6,0.483,1.2,1.6,0.727,0.1,2.8,3,7.7,2.1,0.1,3.9,2.5,20.2,1399507
dayeau01,2013,NBA,SF,22,1,148,5.8,16.5,0.353,2.9,9,0.324,2.9,7.5,0.387,1.5,2.4,0.6,1.2,5.4,6.6,1.9,1,1,1.2,4.4,16.1,947907
adrieje01,2013,NBA,PF,53,12,961,5.4,10.3,0.52,0,0,,5.4,10.3,0.52,2.8,4.5,0.639,3.8,7.6,11.5,1.4,0.9,1.3,1.5,4,13.6,916099
fournev01,2013,NBA,SG,76,4,1503,5.5,13,0.419,2.1,5.7,0.376,3.3,7.4,0.453,2.2,2.9,0.756,0.8,4,4.8,2.7,0.8,0.2,2.4,4.3,15.3,1422720
acyqu01,2013,NBA,SF,63,0,847,2.8,6,0.468,0.2,0.6,0.267,2.6,5.4,0.492,1.5,2.3,0.66,3.1,6.1,9.2,1.2,1,1.1,1.3,5.2,7.3,788872
teletmi01,2013,NBA,SF,72,7,1396,5.7,13.6,0.418,3.5,9,0.39,2.2,4.6,0.472,1.1,1.6,0.71,1.5,5.3,6.9,1.5,0.7,0.6,1.4,3.7,16,3229050
snellto01,2013,NBA,SG,77,12,1231,3.8,9.8,0.384,1.7,5.2,0.32,2.1,4.6,0.456,0.9,1.2,0.756,0.6,3.1,3.6,2,0.8,0.4,1.3,2.5,10.1,1409040
veselja01,2013,NBA,PF,54,1,776,4.1,8,0.514,0,0,,4.1,8,0.514,0.9,2.6,0.339,3.8,5.1,8.9,1,2.5,1.6,1.7,5.6,9.1,3340920
hardati02,2013,NBA,SG,81,1,1875,5.6,13.2,0.428,2.5,6.9,0.363,3.1,6.3,0.498,2,2.5,0.828,0.4,2,2.3,1.3,0.8,0.1,0.9,2.8,15.8,1196760
hillso01,2013,NBA,SF,28,0,226,2.7,6.4,0.425,1.1,3.7,0.304,1.6,2.7,0.588,1,1.1,0.857,1.4,5.1,6.5,1.9,0.8,0.3,2.1,3,7.5,1246680
waitedi01,2013,NBA,SG,70,24,2072,7.5,17.3,0.433,1.6,4.3,0.368,5.9,12.9,0.455,2.8,4.1,0.685,0.6,2.8,3.4,3.6,1.1,0.3,2.7,2.7,19.3,3894240
anderja01,2013,NBA,SG,80,62,2309,4.8,11.2,0.431,1.8,5.5,0.328,3,5.7,0.53,1.2,1.7,0.726,0.9,3.8,4.7,2.3,1.2,0.4,1.7,2.4,12.6,916099
lenal01,2013,NBA,C,42,3,362,3.3,7.8,0.423,0,0,,3.3,7.8,0.423,2,3.1,0.645,3.9,6,9.8,0.4,0.4,1.8,2.6,6.8,8.6,3492720
lucasjo02,2013,NBA,PG,42,6,591,3.8,11.6,0.326,1.5,5.1,0.298,2.3,6.5,0.349,0.6,1,0.625,0.7,1.6,2.4,2.6,0.9,0,1.3,2.5,9.7,1600000
burketr01,2013,NBA,PG,70,68,2262,5.4,14.3,0.38,1.8,5.3,0.33,3.7,8.9,0.41,1.6,1.8,0.903,0.6,2.7,3.3,6.3,0.7,0.1,2.1,2.3,14.2,2438760
maynoer01,2013,NBA,PG,31,0,327,3.5,11.1,0.317,1.3,4.1,0.324,2.2,7,0.313,0.7,1.2,0.545,1,3.3,4.3,5.7,1,0.3,3.2,1.9,9,2016000
mclembe01,2013,NBA,SG,82,55,2187,4.2,11.2,0.376,1.6,4.9,0.32,2.6,6.3,0.419,1.9,2.4,0.804,0.9,3,3.9,1.3,0.7,0.3,1.6,3.3,11.9,2895960
coleno01,2013,NBA,PG,82,6,2014,3.7,8.9,0.414,1.1,3.1,0.345,2.6,5.8,0.451,0.9,1.2,0.779,0.3,2.6,2.9,4.4,1.4,0.1,2.3,2.8,9.4,1129200
freeljo01,2013,NBA,C,52,0,727,3.8,8,0.475,0,0.1,0,3.8,7.9,0.481,1,1.4,0.69,4.4,5.9,10.3,1.8,0.5,1.1,1.6,4.7,8.6,2897976
robinth01,2013,NBA,PF,70,0,873,5.8,12.1,0.481,0,0,0,5.8,12,0.483,2.4,4.2,0.564,4.3,8.3,12.7,1.4,0.9,0.8,2.4,5.4,14,3526440
shvedal01,2013,NBA,SG,63,0,664,4.1,12.8,0.321,1.6,5.5,0.294,2.5,7.3,0.341,3.7,4.9,0.756,1.1,3.3,4.4,3.7,1.4,0.9,2.6,2,13.6,3150000
copelch01,2013,NBA,SF,41,0,265,7.5,15.9,0.47,4.5,10.7,0.418,3,5.2,0.579,1.4,1.9,0.714,1,3.4,4.3,2.4,0.4,1,1.9,5.2,20.8,3000000
mooreet01,2013,NBA,SG,79,3,1506,4.7,10.9,0.428,1.4,3.8,0.354,3.3,7.1,0.468,1.2,1.6,0.765,0.7,2.6,3.3,2.7,1.4,0.3,1.3,2.5,11.9,884293
templga01,2013,NBA,SG,75,0,638,2.9,8,0.362,0.3,1.6,0.207,2.5,6.3,0.402,1.7,2.4,0.698,1.2,2.7,3.8,4.1,2,0.6,2.4,4.1,7.8,916099
clarkea01,2013,NBA,PF,54,17,768,4.5,12.2,0.372,1.9,5.7,0.336,2.6,6.5,0.403,1,1.6,0.647,1,5.7,6.7,0.8,0.8,1.2,1.5,3.1,12,4250000
roberan03,2013,NBA,SG,40,16,399,3,6.1,0.485,0.2,1.2,0.154,2.8,5,0.564,0.6,0.9,0.7,3.2,5.2,8.5,1.4,1.7,0.9,1.7,6.7,6.8,1110840
hamiljo02,2013,NBA,SF,60,12,1019,5.2,13.3,0.391,2.5,7,0.354,2.7,6.3,0.433,1.4,1.8,0.784,1.1,5.7,6.9,1.8,1.6,0.7,1.6,2.4,14.3,1169880
porteot01,2013,NBA,SF,37,0,319,3.7,10.3,0.363,0.5,2.4,0.19,3.3,7.9,0.414,0.9,1.4,0.667,2.4,4.1,6.4,1.1,0.9,0.1,1.6,2.9,8.8,4278000
pricero01,2013,NBA,SG,31,2,377,2.7,8.8,0.304,0.9,4.1,0.209,1.8,4.7,0.388,0.9,1.2,0.692,0.8,3.3,4.1,6.3,2.4,0.2,2.5,4.8,7.1,1265977
brookma01,2013,NBA,SG,35,0,316,6.5,14.2,0.456,1.5,2.8,0.52,5,11.4,0.44,3.6,5,0.727,1.1,5,6.2,2.8,1.6,0.5,2.7,2.4,18.1,1210080
jenkijo01,2013,NBA,SG,13,0,158,3.6,9.6,0.381,0.9,4.1,0.222,2.7,5.5,0.5,0.9,0.9,1,0.7,4.3,5,2.5,0.2,0.2,2.5,2.5,9.1,1258800
decolna01,2013,NBA,SF,47,3,494,4.7,11.1,0.418,1.3,3.9,0.34,3.4,7.3,0.46,2.3,2.6,0.886,1,4.3,5.3,4.7,1.6,0.4,2.6,3.5,12.9,1463000
fredeji01,2013,NBA,SG,49,0,519,7.4,15.7,0.471,2.8,5.8,0.476,4.6,9.9,0.469,1.3,1.5,0.905,0.6,3.1,3.6,4.4,1,0.2,3.3,2.4,18.9,2439840
nichoan01,2013,NBA,PF,76,5,1174,5.5,12.9,0.429,0.9,2.7,0.315,4.7,10.1,0.459,1.4,1.7,0.825,1.6,6.2,7.8,0.8,0.6,0.7,1.6,4.6,13.3,1482000
muhamsh01,2013,NBA,SG,37,0,290,7.1,15.4,0.46,0.4,1.4,0.273,6.7,14,0.478,3.2,5,0.65,3,3.6,6.6,0.7,1,0.1,2,3,17.8,1887120
singlch01,2013,NBA,SF,25,0,250,3.6,9.6,0.373,1,2.7,0.368,2.6,6.9,0.375,2.6,3.6,0.72,2.6,5.3,7.9,0.9,1.3,0.4,2.4,3.6,10.8,1618680
cartemi01,2013,NBA,PG,70,70,2414,6.4,15.7,0.405,0.8,3.1,0.264,5.5,12.6,0.44,3.8,5.5,0.703,1.5,5,6.5,6.6,1.9,0.6,3.7,3.2,17.4,2200920
harrejo01,2013,NBA,C,32,0,317,4.3,9.3,0.463,1.4,3.5,0.387,3,5.8,0.51,0.6,0.8,0.714,3.4,5.2,8.6,1.7,0.7,1.7,1.1,5,10.6,884293
sacrero01,2013,NBA,C,65,13,1089,4.7,9.9,0.477,0,0,,4.7,9.9,0.477,2.1,3.1,0.681,2.7,5.7,8.4,1.7,0.8,1.6,1.5,4.4,11.6,788872
mccolcj01,2013,NBA,SG,38,0,476,5.6,13.5,0.416,2.3,6.1,0.375,3.3,7.4,0.449,1.7,2.6,0.676,0.5,3.1,3.6,2,1.1,0.2,2.6,4,15.2,2316720
sloando01,2013,NBA,SG,48,1,392,4,10.7,0.376,0.9,3.9,0.238,3.1,6.9,0.453,1.1,1.8,0.6,0.4,3.7,4,4.6,0.9,0.1,2,1.7,10.1,884293
jamesbe01,2013,NBA,C,30,0,146,2.7,5.7,0.478,0,0.2,0,2.7,5.4,0.5,1.5,2.7,0.545,3.7,6.7,10.4,0.7,0.7,2,2.5,5.9,6.9,788872
bazemke01,2013,NBA,SG,67,15,911,5.8,13.6,0.429,1.7,5.1,0.336,4.1,8.5,0.484,2.6,4.3,0.606,0.4,4.2,4.6,3.6,1.7,0.5,3.1,4,15.9,788872
schrode01,2013,NBA,PG,49,0,641,4,10.6,0.383,0.6,2.4,0.238,3.5,8.2,0.425,1.6,2.4,0.674,0.3,3.1,3.4,5.2,1,0,3.4,3,10.3,1348200
thomala01,2013,NBA,SF,5,0,42,1.7,7.7,0.222,0,0,,1.7,7.7,0.222,1.7,3.4,0.5,1.7,4.3,6,2.6,0,0,1.7,3.4,5.1,884293
jonespe01,2013,NBA,PF,62,7,764,3.9,8.5,0.459,1,2.9,0.361,2.9,5.7,0.508,1.3,2,0.667,1.3,4.1,5.4,1.2,0.7,0.9,1,2.9,10.2,1082520
moultar01,2013,NBA,PF,12,2,187,3.1,7.3,0.421,0,0,,3.1,7.3,0.421,0.8,1,0.8,2.1,4.6,6.7,0.4,1.5,0.8,1.3,4.2,6.9,1089240
larkish01,2013,NBA,PG,48,0,489,3.8,10.1,0.38,0.9,2.8,0.316,2.9,7.3,0.404,1.2,1.8,0.64,0.8,2.3,3.1,5.2,1.9,0.1,2.9,3.4,9.7,1536960
johnsor01,2013,NBA,SG,45,0,392,3.3,10.4,0.319,0.8,4.3,0.191,2.5,6.1,0.409,1.7,2.4,0.731,0.8,4.2,5.1,1.8,0.6,0.2,1.4,2.4,9.2,788872
marshke01,2013,NBA,PG,54,45,1564,3.9,9.6,0.406,1.6,4.1,0.399,2.3,5.5,0.411,0.4,0.8,0.528,0.3,3.2,3.6,11,1.1,0.1,3.5,1.7,9.9,2005560
bartowi01,2013,NBA,SG,41,0,387,6,14.5,0.417,0.9,3.1,0.303,5.1,11.4,0.447,2.4,3,0.813,1.5,5.4,6.9,3.1,0.8,0.7,1.7,2.9,15.4,788872
tayloje03,2013,NBA,SF,26,8,629,4.7,12.5,0.376,1,3.8,0.269,3.7,8.6,0.424,1.5,2.7,0.553,0.9,2.6,3.4,1.3,0.7,0.3,1.4,3.5,11.9,788872
milleda01,2013,NBA,SF,45,7,723,3.6,8.3,0.44,1.2,3.8,0.325,2.4,4.4,0.539,1.4,1.8,0.806,0.4,2.1,2.6,2.1,1.2,0.4,1.1,4.4,10,788872
riverau01,2013,NBA,PG,69,4,1339,5.2,12.7,0.405,1,2.7,0.364,4.2,10.1,0.416,3,4.7,0.636,0.7,2.8,3.5,4.3,1.2,0.2,2.1,3.6,14.2,2339040
varnaja01,2013,NBA,PF,24,0,339,3.8,6.4,0.6,0,0,,3.8,6.4,0.6,2.9,5.5,0.519,2,4.7,6.7,1.4,1.1,3.1,1.1,6.6,10.5,788872
karasse01,2013,NBA,SF,22,1,156,2.8,8.1,0.343,0.9,4.4,0.211,1.8,3.7,0.5,2.1,2.3,0.9,0,3.7,3.7,1.4,0.7,0.2,2.5,5.1,8.5,1467840
mulleby01,2013,NBA,C,45,0,414,6.3,14.3,0.442,2.9,7.7,0.371,3.5,6.6,0.526,0.9,1.7,0.5,2.1,5.9,8,1.2,1.3,1,2.3,5.6,16.4,947907
smithis01,2013,NBA,PG,70,1,1006,4.3,10.1,0.423,0,0.8,0.043,4.2,9.2,0.457,0.8,1.4,0.564,1.1,3.5,4.6,6.4,1.8,0.5,2.3,2.4,9.3,951463
goodwar01,2013,NBA,SG,52,0,533,5.1,11.3,0.455,0.3,2.4,0.139,4.8,8.8,0.542,2.5,3.7,0.673,1.7,4.2,5.9,1.4,1.4,0.7,3,3,13.1,1064400
kravtvi01,2013,NBA,C,20,0,59,4.9,9.2,0.533,0,0,,4.9,9.2,0.533,2.4,4.9,0.5,5.5,4.9,10.4,0.6,0,0.6,3.7,4.3,12.2,1500000
bullore01,2013,NBA,SF,43,0,395,3.9,11,0.355,2,6.7,0.301,1.9,4.4,0.438,0.6,0.8,0.778,1,3.9,4.9,1.1,0.8,0.1,1.2,2.4,10.5,1149000
tylerje01,2013,NBA,C,41,0,398,5.4,10.5,0.517,0,0,,5.4,10.5,0.517,2.4,4.3,0.542,3.4,6.4,9.9,0.7,0.5,1.8,2.4,6.3,13.2,100000
tylerje01,2013,NBA,C,41,0,398,5.4,10.5,0.517,0,0,,5.4,10.5,0.517,2.4,4.3,0.542,3.4,6.4,9.9,0.7,0.5,1.8,2.4,6.3,13.2,884293
clavevi01,2013,NBA,SF,21,0,184,3.3,8.2,0.405,0.6,3.5,0.167,2.7,4.7,0.583,2,2.2,0.909,1.8,5.9,7.6,2.3,0.6,0.6,2.2,3.1,9.2,1330000
cunnija01,2013,NBA,SG,13,0,80,2.7,9.5,0.286,0.5,3.2,0.143,2.3,6.3,0.357,5.9,7.2,0.813,0.5,2.3,2.7,3.6,1.4,0,0.9,7.2,11.7,1208400
lambdo01,2013,NBA,SG,53,0,695,3.3,8.3,0.394,1.9,4.7,0.4,1.4,3.6,0.386,1.5,1.9,0.806,0.4,2.1,2.5,2.2,0.6,0.1,1.4,2.8,9.9,788872
whitero03,2013,NBA,PF,3,0,9,0,4,0,0,0,,0,4,0,0,0,,0,0,0,0,0,0,0,8,0,1719480
bennean01,2013,NBA,PF,52,0,663,4.3,12.2,0.356,0.7,2.9,0.245,3.6,9.3,0.39,2.4,3.7,0.638,2.7,5.8,8.4,0.9,1.1,0.4,2.6,5,11.8,5324280
millequ01,2013,NBA,PF,52,16,789,4.3,11.7,0.367,1.4,4.3,0.319,2.9,7.4,0.395,1.8,2.5,0.709,1.6,5.1,6.7,1.2,1,1.5,2.2,3.2,11.7,788872
shengto01,2013,NBA,SF,26,0,154,3,6.5,0.464,0,1.4,0,3,5.1,0.591,0.7,1.9,0.375,0.9,2.8,3.7,3.3,0.7,0.2,2.8,4.2,6.8,788872
morrida01,2013,NBA,PG,27,0,313,4.5,11,0.406,1.4,4.4,0.316,3.1,6.7,0.466,2,3,0.654,0.8,2.2,3,5.1,1.5,0,3.1,3.8,12.3,1046269
nedovne01,2013,NBA,SG,24,0,142,2,9.9,0.205,0.8,4.6,0.167,1.3,5.3,0.238,1.8,2,0.875,0.8,3,3.8,3.3,0,0.3,3.3,3.3,6.6,1056720
wroteto01,2013,NBA,PG,72,16,1765,7,16.5,0.427,0.8,3.8,0.213,6.2,12.6,0.492,4.3,6.6,0.641,1.4,3.2,4.7,4.4,1.6,0.3,4.2,3.1,19.2,1160040
teaguma01,2013,NBA,SG,40,3,443,3.1,9.7,0.319,0.4,1.5,0.278,2.7,8.2,0.327,2.1,2.8,0.743,0.1,3.2,3.3,4.7,0.8,0.4,3.2,3.7,8.7,1074720
tayloty01,2013,NBA,PG,23,3,270,4.1,12.1,0.341,0.4,1.6,0.25,3.7,10.5,0.354,3.2,4,0.8,0.4,1.6,2,4.8,1.6,0.1,4.1,3.9,11.9,788872